phase,study,task,predictor,seed,status,epochs,train_samples,val_samples,train_loss,train_pred_loss,train_anti_collapse,train_ac_mean_norm,train_ac_cov_trace,train_ac_cov_min_eig,train_ac_cov_max_eig,train_ac_effective_rank,val_pred_loss,val_cov_trace,val_cov_min_eig,val_cov_max_eig,val_effective_rank,val_aliasing_rate,head_type,label_fraction,head_epochs,train_acc,test_loss,test_acc,train_mse,test_mse,test_mae,exactish_rate,variant,damage_type,damage_level,segments,active_segments,total_length,tube_area,junction_area,surface,delivered_traffic,normalized_surface,gate_entropy,load_gini,surface_degradation,traffic_degradation
phase1_pilot,study1,maze,mlp,0,complete,3.0,384.0,128.0,0.480220099290212,0.0001946501906786,16.000848452250164,0.0119164995849132,8.881179383024573e-06,8.789794413155416e-12,8.326600436703302e-06,1.3384263939540078,0.0001141433567681,0.0008508436731062,0.0,0.0007554798503406,1.5967725719349783,0.6968215158924206,,,,,,,,,,,,,,,,,,,,,,,,,
phase1_pilot,study1,maze,spiking,0,complete,3.0,384.0,128.0,0.4800895725687344,6.48292319359219e-05,16.00082492828369,0.0183892454952001,2.548979864513967e-06,8.59920207957332e-12,2.215851054643281e-06,1.7070175941292671,3.758277034648927e-05,0.00020399101777,0.0,0.0001727099006529,1.973560949873151,0.6617647058823529,,,,,,,,,,,,,,,,,,,,,,,,,
phase1_pilot,study1,sorting,mlp,0,complete,3.0,384.0,128.0,0.48017102231582,0.0014839487460752,15.956236124038696,0.0444393306970596,0.0668451637029647,2.8080402003638486e-08,0.059971559792757,1.468502318165086,0.0012417590478435,0.249803140759468,1.2084236722387232e-08,0.1251102238893509,4.911349177341503,,,,,,,,,,,,,,,,,,,,,,,,,,
phase1_pilot,study1,sorting,spiking,0,complete,3.0,384.0,128.0,0.4787858550747235,0.0025339098647236,15.875065326690674,0.0977442935109138,0.2825637459754944,1.776088822680322e-07,0.2694181799888611,1.2508895481644633,0.0022481890628114,0.3521720170974731,2.013896960306738e-08,0.229738712310791,3.455181046507593,,,,,,,,,,,,,,,,,,,,,,,,,,
phase1_pilot,study2,maze_action,,0,complete,,,,1.377945899963379,,,,,,,,,,,,,,classification,0.1,8.0,0.2631579041481018,1.3890316486358645,0.2421875,,,,,,,,,,,,,,,,,,,
phase1_pilot,study2,sorting_head,,0,complete,,,,,,,,,,,,,,,,,,regression,0.1,8.0,,,,0.2294751852750778,0.2165604531764984,0.3646156191825866,0.0,,,,,,,,,,,,,,,
phase1_pilot,study3,,,0,complete,,,,,,,,,,,,,,,,,,,,,,,,,,,,sparsity,none,0.0,256.0,146.0,54.80329788894272,12.065706495320269,2.061301806516019,14.127008301836286,62.85187264562335,0.2247667047128522,0.541567071632234,0.6123446473473613,,
phase1_pilot,study3,,,0,complete,,,,,,,,,,,,,,,,,,,,,,,,,,,,sparsity,uniform,0.05,256.0,142.0,52.9076023645212,11.717642396758247,2.035684556103261,13.753326952861508,61.77251428974737,0.2226447653745212,0.518380332939531,0.6282543659639053,-0.002121939338331,1.079358355875975
phase1_pilot,study3,,,0,complete,,,,,,,,,,,,,,,,,,,,,,,,,,,,sparsity,uniform,0.1,256.0,133.0,49.97916122847554,11.101028096555911,1.9886942687042413,13.089722365260156,59.39805373646567,0.2203729169499771,0.4886797118244032,0.6493937983889904,-0.0043937877628751,3.4538189091576754
phase1_pilot,study3,,,0,complete,,,,,,,,,,,,,,,,,,,,,,,,,,,,sparsity,uniform,0.15,256.0,128.0,47.23604365373868,10.33897638543733,1.8588517416112869,12.197828127048618,53.15742464260292,0.229466122686802,0.4620921439477897,0.6615098721912649,0.0046994179739497,9.694448003020426
phase1_pilot,study3,,,0,complete,,,,,,,,,,,,,,,,,,,,,,,,,,,,sparsity,spatial,0.05,256.0,140.0,52.946318841950166,11.6706399086918,2.0118457325628394,13.68248564125464,60.21413038733154,0.2272304781447278,0.5136361966643798,0.6339207834979337,0.0024637734318756,2.637742258291801
phase1_pilot,study3,,,0,complete,,,,,,,,,,,,,,,,,,,,,,,,,,,,sparsity,spatial,0.1,256.0,129.0,47.96760729515954,10.652223521665512,1.963041034138906,12.615264555804416,57.80839857484136,0.2182254631615486,0.4846061771304416,0.6563323046526635,-0.0065412415513036,5.043474070781983
phase1_pilot,study3,,,0,complete,,,,,,,,,,,,,,,,,,,,,,,,,,,,sparsity,spatial,0.15,256.0,124.0,45.93697577790096,10.04021964654317,1.82876638746392,11.86898603400709,52.44158658278402,0.2263277449283021,0.4618260510476353,0.6727383930849762,0.0015610402154498,10.410286062839326
phase1_pilot,study3,,,0,complete,,,,,,,,,,,,,,,,,,,,,,,,,,,,sparsity,load_targeted,0.05,256.0,133.0,50.15151685385544,10.502468650926808,1.7281350656351249,12.230603716561934,44.32038434369098,0.2759588820114412,0.5095176976943561,0.569947340162267,0.0511921772985889,18.531488301932363
phase1_pilot,study3,,,0,complete,,,,,,,,,,,,,,,,,,,,,,,,,,,,sparsity,load_targeted,0.1,256.0,120.0,45.37026772791998,9.192907102436934,1.5203511873794704,10.713258289816403,34.247240394234765,0.3128210671389359,0.4767895427176801,0.5585937584976266,0.0880543624260836,28.60463225138858
phase1_pilot,study3,,,0,complete,,,,,,,,,,,,,,,,,,,,,,,,,,,,sparsity,load_targeted,0.15,256.0,108.0,41.56722101307422,8.221179523309061,1.3813795798742832,9.602559103183344,27.79159821661058,0.345520218912378,0.4468146450503488,0.5602685652500883,0.1207535141995257,35.060274429012765
phase1_pilot,study3,,,0,complete,,,,,,,,,,,,,,,,,,,,,,,,,,,,euclidean_length,none,0.0,256.0,140.0,41.11894875979704,8.417710194078332,1.9546755252787484,10.37238571935708,61.04726786818474,0.1699074517151922,0.54934965232294,0.6354236727552669,,
phase1_pilot,study3,,,0,complete,,,,,,,,,,,,,,,,,,,,,,,,,,,,euclidean_length,uniform,0.05,256.0,132.0,38.936677091161485,7.990881264196803,1.9168035826957937,9.907684846892597,59.24072470777976,0.1672444909155378,0.5204672151150711,0.6583721603082917,-0.0026629607996543,1.8065431604049775
phase1_pilot,study3,,,0,complete,,,,,,,,,,,,,,,,,,,,,,,,,,,,euclidean_length,uniform,0.1,256.0,127.0,36.94646880142778,7.597987142689943,1.8634615155321652,9.461448658222109,57.35689083790578,0.1649574884264767,0.4943343462770895,0.6767172115500986,-0.0049499632887154,3.69037703027896
phase1_pilot,study3,,,0,complete,,,,,,,,,,,,,,,,,,,,,,,,,,,,euclidean_length,uniform,0.15,256.0,120.0,34.95274255611984,7.168680540126129,1.7836629868449858,8.952343526971115,52.27858917926639,0.1712430206285897,0.4688447505092132,0.6838833595056941,0.0013355689133975,8.76867868891835
phase1_pilot,study3,,,0,complete,,,,,,,,,,,,,,,,,,,,,,,,,,,,euclidean_length,spatial,0.05,256.0,128.0,38.88718164747473,7.91437571001899,1.8848106539881904,9.79918636400718,56.74366846024251,0.1726921545290302,0.5167665081208164,0.6634805789642337,0.0027847028138379,4.3035994079422295
phase1_pilot,study3,,,0,complete,,,,,,,,,,,,,,,,,,,,,,,,,,,,euclidean_length,spatial,0.1,256.0,129.0,37.02291859034763,7.657573183859318,1.8946636034033468,9.552236787262665,57.67611977047292,0.1656185753067375,0.497110359714952,0.6662127255883386,-0.0042888764084547,3.371148097711824
phase1_pilot,study3,,,0,complete,,,,,,,,,,,,,,,,,,,,,,,,,,,,euclidean_length,spatial,0.15,256.0,120.0,35.23370991090802,7.212338254653909,1.7342518697113063,8.946590124365216,51.02130963020346,0.1753500681863237,0.4700815465410028,0.6855774645737465,0.0054426164711315,10.025958237981278
phase1_pilot,study3,,,0,complete,,,,,,,,,,,,,,,,,,,,,,,,,,,,euclidean_length,load_targeted,0.05,256.0,127.0,39.43965021351005,7.866830772193942,1.6234361039371052,9.490266876131049,39.767740299938495,0.2386423468410977,0.518883215565606,0.5624187762604438,0.0687348951259055,21.279527568246245
phase1_pilot,study3,,,0,complete,,,,,,,,,,,,,,,,,,,,,,,,,,,,euclidean_length,load_targeted,0.1,256.0,114.0,37.30448532275746,7.244786703152358,1.420161616227317,8.664948319379675,30.244077102027436,0.2865006687849571,0.4856953001164877,0.5411582128613459,0.1165932170697649,30.803190766157307
phase1_pilot,study3,,,0,complete,,,,,,,,,,,,,,,,,,,,,,,,,,,,euclidean_length,load_targeted,0.15,256.0,102.0,35.185148961728444,6.677785774823256,1.28377948292079,7.961565257744047,24.251924323998423,0.3282859185975128,0.4546786003839076,0.5321935050644206,0.1583784668823205,36.79534354418632
phase1_pilot,study3,,,0,complete,,,,,,,,,,,,,,,,,,,,,,,,,,,,tube_only,none,0.0,256.0,237.0,96.93033209885326,24.58583017048157,3.4297996490641856,28.01562981954576,170.82157801428485,0.1640052161066145,0.5889737366956038,0.4961308133548521,,
phase1_pilot,study3,,,0,complete,,,,,,,,,,,,,,,,,,,,,,,,,,,,tube_only,uniform,0.05,256.0,225.0,91.97717261643936,23.40687582249859,3.34810969927502,26.75498552177361,163.96681976840634,0.1631731685589301,0.55981068105879,0.5260129406500886,-0.0008320475476844,6.854758245878514
phase1_pilot,study3,,,0,complete,,,,,,,,,,,,,,,,,,,,,,,,,,,,tube_only,uniform,0.1,256.0,211.0,86.7869976533562,22.08562155113954,3.2424556042922097,25.32807715543175,155.1187677228504,0.1632818357547323,0.5258056943919462,0.548530650318378,-0.0007233803518822,15.702810291434446
phase1_pilot,study3,,,0,complete,,,,,,,,,,,,,,,,,,,,,,,,,,,,tube_only,uniform,0.15,256.0,202.0,81.1896777862049,20.408955380687395,3.0713998534147846,23.48035523410218,140.8152592008895,0.1667458155151867,0.5030058125475421,0.5701186459243026,0.0027405994085721,30.006318813395357
phase1_pilot,study3,,,0,complete,,,,,,,,,,,,,,,,,,,,,,,,,,,,tube_only,spatial,0.05,256.0,224.0,93.46679086072156,23.707760285964508,3.339605978717937,27.047366264682445,162.39475533791605,0.1665532006051298,0.5578625180864174,0.5212529258332659,0.0025479844985152,8.4268226763688
phase1_pilot,study3,,,0,complete,,,,,,,,,,,,,,,,,,,,,,,,,,,,tube_only,spatial,0.1,256.0,213.0,85.48636865656854,21.886617237426503,3.2695747638574844,25.15619200128399,156.98740488893958,0.1602433775975738,0.5317053062599743,0.5516807146022711,-0.0037618385090407,13.834173125345274
phase1_pilot,study3,,,0,complete,,,,,,,,,,,,,,,,,,,,,,,,,,,,tube_only,spatial,0.15,256.0,201.0,82.24288850980193,20.60554902224006,3.0454340600079264,23.650983082247983,141.3102132937239,0.1673692405474892,0.5024428368945524,0.5667770527503948,0.0033640244408747,29.511364720560948
phase1_pilot,study3,,,0,complete,,,,,,,,,,,,,,,,,,,,,,,,,,,,tube_only,load_targeted,0.05,256.0,224.0,89.58485772578436,21.753432986475445,3.0393428479286584,24.792775834404104,134.07557463663738,0.1849164241864833,0.5674156097643158,0.4721066105032347,0.0209112080798687,36.74600337764747
phase1_pilot,study3,,,0,complete,,,,,,,,,,,,,,,,,,,,,,,,,,,,tube_only,load_targeted,0.1,256.0,211.0,83.36378423263814,19.637247556751312,2.7313761089064115,22.36862366565772,109.82918540047568,0.2036673911588911,0.5407108219615531,0.4677285774351796,0.0396621750522765,60.99239261380919
phase1_pilot,study3,,,0,complete,,,,,,,,,,,,,,,,,,,,,,,,,,,,tube_only,load_targeted,0.15,256.0,199.0,77.72192442729855,17.888878161531238,2.5385679394871783,20.42744610101842,93.28424919374164,0.218980656170614,0.5150179214527898,0.4750389191203832,0.0549754400639994,77.53732882054322
phase1_pilot,study3,,,0,complete,,,,,,,,,,,,,,,,,,,,,,,,,,,,full_surface,none,0.0,256.0,256.0,92.71637928868742,30.46426644215585,4.546599721527619,35.01086616368347,295.2894837866252,0.1185645547329972,0.672183208214396,0.3409585871000864,,
phase1_pilot,study3,,,0,complete,,,,,,,,,,,,,,,,,,,,,,,,,,,,full_surface,uniform,0.05,256.0,243.0,88.3202657749253,29.113374885617237,4.427498852796825,33.54087373841406,282.83577121542606,0.1185878066027273,0.6376079268126811,0.3756004498004894,2.325186973008153e-05,12.453712571199103
phase1_pilot,study3,,,0,complete,,,,,,,,,,,,,,,,,,,,,,,,,,,,full_surface,uniform,0.1,256.0,230.0,82.77723505821821,27.162661586351483,4.289340270353695,31.452001856705177,265.1294848177235,0.1186288348017653,0.6044306406211444,0.4037532191228612,6.428006876815773e-05,30.159998968901675
phase1_pilot,study3,,,0,complete,,,,,,,,,,,,,,,,,,,,,,,,,,,,full_surface,uniform,0.15,256.0,218.0,78.24114370293937,25.558379429091545,4.114725339416057,29.673104768507603,245.8383583757638,0.1207016877404675,0.5734611871152746,0.4355234665792027,0.0021371330074702,49.45112541086138
phase1_pilot,study3,,,0,complete,,,,,,,,,,,,,,,,,,,,,,,,,,,,full_surface,spatial,0.05,256.0,243.0,89.88307923836174,29.632048631668404,4.4581173756027415,34.090166007271144,285.64857291859096,0.1193430292956279,0.6372201084380722,0.3753380864621762,0.0007784745626306,9.640910868034211
phase1_pilot,study3,,,0,complete,,,,,,,,,,,,,,,,,,,,,,,,,,,,full_surface,spatial,0.1,256.0,230.0,79.31700326563988,25.663859103490644,4.143935027800757,29.8077941312914,245.674060040317,0.1213306530009167,0.6088299302386606,0.3989013919759645,0.0027660982679195,49.61542374630818
phase1_pilot,study3,,,0,complete,,,,,,,,,,,,,,,,,,,,,,,,,,,,full_surface,spatial,0.15,256.0,218.0,79.02799036945828,25.864968646340017,4.127698019486555,29.99266666582657,251.26551327094376,0.1193664274662767,0.5726951871675776,0.4282408019434462,0.0008018727332795,44.02397051568141
phase1_pilot,study3,,,0,complete,,,,,,,,,,,,,,,,,,,,,,,,,,,,full_surface,load_targeted,0.05,256.0,243.0,83.43640480509413,26.439093298171024,4.209788468045769,30.648881766216792,249.835075875186,0.1226764562887148,0.6439173187119233,0.3310613210794464,0.0041119015557176,45.45440791143915
phase1_pilot,study3,,,0,complete,,,,,,,,,,,,,,,,,,,,,,,,,,,,full_surface,load_targeted,0.1,256.0,230.0,76.20275965547295,23.55961259231458,3.943912819192429,27.50352541150701,217.28035557180644,0.1265808192271292,0.6124092779355379,0.3397558530018483,0.008016264494132,78.00912821481873
phase1_pilot,study3,,,0,complete,,,,,,,,,,,,,,,,,,,,,,,,,,,,full_surface,load_targeted,0.15,256.0,218.0,70.77857829350202,21.534186431926244,3.679667804743339,25.213854236669583,193.03269401956567,0.1306196049504842,0.5817878492117498,0.356206679468551,0.012055050217487,102.25678976705944
phase1_pilot,study1,maze,mlp,1,complete,3.0,384.0,128.0,0.4803697740038236,0.000324884817625,16.001496473948162,0.024957476183772,3.349895268911496e-05,1.6946196182421325e-11,3.2818690669955686e-05,1.1379941986226634,0.0001172337233583,0.0061329384334385,0.0,0.0060216817073524,1.1255259376679092,0.6781326781326781,,,,,,,,,,,,,,,,,,,,,,,,,
phase1_pilot,study1,maze,spiking,1,complete,3.0,384.0,128.0,0.4801026955246925,8.98281153543697e-05,16.000429153442383,0.0113767804577946,3.227163233532337e-06,1.5968518174425128e-11,2.8638010007853154e-06,1.6003387945051166,4.210728366160765e-05,0.0001660997804719,0.0,0.0001297817652812,2.2088199877850223,0.6519607843137255,,,,,,,,,,,,,,,,,,,,,,,,,
phase1_pilot,study1,sorting,mlp,1,complete,3.0,384.0,128.0,0.4816513483723004,0.0020249364412544,15.987547397613524,0.045419406145811,0.0127984508872032,3.0740864076506114e-08,0.0082130134105682,2.6961244759792877,0.002240760368295,0.2258373349905014,5.944182035477752e-09,0.1033461987972259,5.452078073175679,,,,,,,,,,,,,,,,,,,,,,,,,,
phase1_pilot,study1,sorting,spiking,1,complete,3.0,384.0,128.0,0.4782153144478798,0.002213573733267,15.866725126902262,0.1153197064995765,0.2256016880273819,9.30124102183072e-08,0.2102668583393097,1.328585184313286,0.0024185624788515,0.4005308151245117,3.975502238517947e-08,0.2508724927902221,3.825423043204364,,,,,,,,,,,,,,,,,,,,,,,,,,
phase1_pilot,study2,maze_action,,1,complete,,,,1.3848568201065063,,,,,,,,,,,,,,classification,0.1,8.0,0.2631579041481018,1.3896398544311523,0.203125,,,,,,,,,,,,,,,,,,,
phase1_pilot,study2,sorting_head,,1,complete,,,,,,,,,,,,,,,,,,regression,0.1,8.0,,,,0.2570537328720093,0.2419961988925933,0.4051052927970886,0.0,,,,,,,,,,,,,,,
phase1_pilot,study3,,,1,complete,,,,,,,,,,,,,,,,,,,,,,,,,,,,sparsity,none,0.0,256.0,163.0,55.20398661421923,12.483808077528614,2.152074612160173,14.635882689688788,72.03262129940335,0.2031840910914924,0.5584645999488985,0.6161836883235801,,
phase1_pilot,study3,,,1,complete,,,,,,,,,,,,,,,,,,,,,,,,,,,,sparsity,uniform,0.05,256.0,155.0,51.393033174245126,11.550645750921657,2.0533394751918035,13.60398522611346,65.89865973243852,0.206437965192068,0.5293272150707118,0.630640209452237,0.0032538741005756,6.133961566964828
phase1_pilot,study3,,,1,complete,,,,,,,,,,,,,,,,,,,,,,,,,,,,sparsity,uniform,0.1,256.0,145.0,50.282229112975664,11.39683934245567,2.0616202290516026,13.458459571507271,66.53823905983093,0.2022665426625254,0.5038157582704692,0.6494839412593099,-0.000917548428967,5.494382239572417
phase1_pilot,study3,,,1,complete,,,,,,,,,,,,,,,,,,,,,,,,,,,,sparsity,uniform,0.15,256.0,140.0,45.98996601608738,10.326216177161031,1.9341043241591236,12.260320501320155,60.899007509289774,0.2013221725729553,0.4776508354845654,0.6667843817574726,-0.0018619185185371,11.133613790113571
phase1_pilot,study3,,,1,complete,,,,,,,,,,,,,,,,,,,,,,,,,,,,sparsity,spatial,0.05,256.0,153.0,52.55504370251517,11.85955761469656,2.0639605286153824,13.923518143311943,67.4947078598221,0.2062905164382133,0.5284972137783778,0.6434069052078728,0.0031064253467208,4.537913439581246
phase1_pilot,study3,,,1,complete,,,,,,,,,,,,,,,,,,,,,,,,,,,,sparsity,spatial,0.1,256.0,145.0,50.14676261307403,11.368042996175207,2.036233797542703,13.40427679371791,66.50390585087027,0.2015562337309988,0.5014164194938405,0.6602774093787369,-0.0016278573604936,5.528715448533077
phase1_pilot,study3,,,1,complete,,,,,,,,,,,,,,,,,,,,,,,,,,,,sparsity,spatial,0.15,256.0,141.0,47.94370343624844,10.83263665588029,1.9280846166591816,12.760721272539472,60.30263531084159,0.2116113367955771,0.4754092236469074,0.6676963913988323,0.0084272457040846,11.729985988561758
phase1_pilot,study3,,,1,complete,,,,,,,,,,,,,,,,,,,,,,,,,,,,sparsity,load_targeted,0.05,256.0,150.0,49.62751849757196,10.564399934666248,1.84129616580952,12.405696100475769,50.569413953681405,0.2453201476565548,0.5270009185145634,0.5743119733186877,0.0421360565650623,21.46320734572194
phase1_pilot,study3,,,1,complete,,,,,,,,,,,,,,,,,,,,,,,,,,,,sparsity,load_targeted,0.1,256.0,137.0,44.26771427797933,9.015150798415029,1.623940410090998,10.639091208506024,39.203918515981634,0.271378260350561,0.4938095686353785,0.5656697545796454,0.0681941692590685,32.82870278342171
phase1_pilot,study3,,,1,complete,,,,,,,,,,,,,,,,,,,,,,,,,,,,sparsity,load_targeted,0.15,256.0,125.0,40.8342567811497,8.080954972307943,1.4714183459310746,9.552373318239017,32.13460779324418,0.2972612386224501,0.4623899376577747,0.5736668376255412,0.0940771475309576,39.89801350615917
phase1_pilot,study3,,,1,complete,,,,,,,,,,,,,,,,,,,,,,,,,,,,euclidean_length,none,0.0,256.0,149.0,42.3832301611887,8.735316102883012,1.9349012369627911,10.670217339845802,57.75016802916173,0.1847651305985825,0.5691698826341778,0.5806554963323269,,
phase1_pilot,study3,,,1,complete,,,,,,,,,,,,,,,,,,,,,,,,,,,,euclidean_length,uniform,0.05,256.0,144.0,40.253560792017495,8.312425625363312,1.8926398797742403,10.205065505137553,55.69502169570032,0.1832311971986012,0.5414606472732895,0.6028465898836199,-0.0015339333999812,2.0551463334614084
phase1_pilot,study3,,,1,complete,,,,,,,,,,,,,,,,,,,,,,,,,,,,euclidean_length,uniform,0.1,256.0,135.0,38.105122499527695,7.856007072762602,1.8235047188917883,9.67951179165439,52.00785081715601,0.1861163581595302,0.5112769641448451,0.6253457994854974,0.0013512275609477,5.742317212005716
phase1_pilot,study3,,,1,complete,,,,,,,,,,,,,,,,,,,,,,,,,,,,euclidean_length,uniform,0.15,256.0,131.0,36.27456043490379,7.536892106172402,1.800502519762095,9.337394625934497,52.27134922775302,0.1786331281303631,0.489972700438149,0.642942167345437,-0.0061320024682193,5.478818801408707
phase1_pilot,study3,,,1,complete,,,,,,,,,,,,,,,,,,,,,,,,,,,,euclidean_length,spatial,0.05,256.0,139.0,40.20713178862013,8.266986545090855,1.844646039482317,10.111632584573172,53.63322471969602,0.1885329967671045,0.5378254695937199,0.6066779679696244,0.003767866168522,4.116943309465711
phase1_pilot,study3,,,1,complete,,,,,,,,,,,,,,,,,,,,,,,,,,,,euclidean_length,spatial,0.1,256.0,133.0,37.90949712575781,7.840143263407704,1.8360331020890732,9.676176365496778,53.905839200267,0.179501451183304,0.5106033068634741,0.6303166087134251,-0.0052636794152784,3.844328828894725
phase1_pilot,study3,,,1,complete,,,,,,,,,,,,,,,,,,,,,,,,,,,,euclidean_length,spatial,0.15,256.0,120.0,35.99850681474602,7.37231058682881,1.6933146028939512,9.06562518972276,46.77747438535283,0.1938032206078957,0.4800204329248664,0.6443201620616921,0.0090380900093132,10.972693643808896
phase1_pilot,study3,,,1,complete,,,,,,,,,,,,,,,,,,,,,,,,,,,,euclidean_length,load_targeted,0.05,256.0,136.0,40.45927048133426,8.119611851320197,1.662145856926842,9.78175770824704,41.37707593416791,0.2364052433634033,0.5360131685039728,0.5332351639248789,0.0516401127648208,16.373092094993815
phase1_pilot,study3,,,1,complete,,,,,,,,,,,,,,,,,,,,,,,,,,,,euclidean_length,load_targeted,0.1,256.0,123.0,38.30495591704477,7.51777733862524,1.4840338334173035,9.001811172042544,32.72436380998187,0.2750797913616257,0.5020501979707641,0.5239992177002033,0.0903146607630431,25.02580421917986
phase1_pilot,study3,,,1,complete,,,,,,,,,,,,,,,,,,,,,,,,,,,,euclidean_length,load_targeted,0.15,256.0,111.0,36.26816127342784,6.990273936829414,1.347573890077594,8.337847826907009,26.90589511946819,0.3098892561197539,0.4710666901973163,0.5245530016355842,0.1251241255211714,30.844272909693537
phase1_pilot,study3,,,1,complete,,,,,,,,,,,,,,,,,,,,,,,,,,,,tube_only,none,0.0,256.0,240.0,98.15276425796009,25.511543140372027,3.661789719551273,29.1733328599233,199.2103818566194,0.1464448418127936,0.5775193803511358,0.5081831532785408,,
phase1_pilot,study3,,,1,complete,,,,,,,,,,,,,,,,,,,,,,,,,,,,tube_only,uniform,0.05,256.0,227.0,91.83449098751494,23.80199601068618,3.5192917799825927,27.321287790668773,185.74488822245803,0.1470903886005004,0.5519006928820436,0.533617643951839,0.0006455467877067,13.465493634161362
phase1_pilot,study3,,,1,complete,,,,,,,,,,,,,,,,,,,,,,,,,,,,tube_only,uniform,0.1,256.0,217.0,89.21990513820555,23.25090354028665,3.506221661050103,26.757125201336752,183.33309726762892,0.145948143563065,0.5159252784879305,0.5541623951331589,-0.0004966982497286,15.877284588990449
phase1_pilot,study3,,,1,complete,,,,,,,,,,,,,,,,,,,,,,,,,,,,tube_only,uniform,0.15,256.0,204.0,81.90511796534292,21.18808063895545,3.306038112237672,24.494118751193128,169.06738874506033,0.144877843867805,0.4933983940799645,0.5747764628917715,-0.0015669979449886,30.142993111559065
phase1_pilot,study3,,,1,complete,,,,,,,,,,,,,,,,,,,,,,,,,,,,tube_only,spatial,0.05,256.0,228.0,93.70292913460244,24.311803319302875,3.522124791577716,27.833928110880592,187.464725598173,0.1484755493097795,0.5518085209478948,0.5398376725140928,0.0020307074969858,11.745656258446388
phase1_pilot,study3,,,1,complete,,,,,,,,,,,,,,,,,,,,,,,,,,,,tube_only,spatial,0.1,256.0,217.0,88.60210785783244,22.96411405717943,3.431674022366623,26.39578807954605,179.35846141204098,0.1471677882953913,0.5185395145814858,0.5552875491670306,0.0007229464825976,19.85192044457841
phase1_pilot,study3,,,1,complete,,,,,,,,,,,,,,,,,,,,,,,,,,,,tube_only,spatial,0.15,256.0,206.0,85.69406637249344,22.316983881770646,3.331089980125141,25.64807386189579,170.19430631353185,0.1506987772736646,0.4915328975624707,0.573098142230337,0.0042539354608709,29.01607554308754
phase1_pilot,study3,,,1,complete,,,,,,,,,,,,,,,,,,,,,,,,,,,,tube_only,load_targeted,0.05,256.0,227.0,90.31284854896045,22.39398264999852,3.277620451048512,25.67160310104703,156.7534858644899,0.1637705404625061,0.556171301905757,0.4891571071644609,0.0173256986497124,42.45689599212949
phase1_pilot,study3,,,1,complete,,,,,,,,,,,,,,,,,,,,,,,,,,,,tube_only,load_targeted,0.1,256.0,214.0,83.65150219461503,20.073759078335627,2.955723504458172,23.0294825827938,128.96378588785086,0.1785732515718397,0.5346304589111801,0.4910313105271169,0.032128409759046,70.24659596876853
phase1_pilot,study3,,,1,complete,,,,,,,,,,,,,,,,,,,,,,,,,,,,tube_only,load_targeted,0.15,256.0,202.0,77.60792385793985,18.072009820519263,2.7463108272081502,20.81832064772741,110.21182509245298,0.1888937110729696,0.5072914956245766,0.5056836166791558,0.0424488692601759,88.99855676416641
phase1_pilot,study3,,,1,complete,,,,,,,,,,,,,,,,,,,,,,,,,,,,full_surface,none,0.0,256.0,256.0,88.58919508998666,29.11740616948999,4.525402252460664,33.642808421950654,292.5349498921084,0.1150044069373886,0.6740282212056578,0.3133952676077223,,
phase1_pilot,study3,,,1,complete,,,,,,,,,,,,,,,,,,,,,,,,,,,,full_surface,uniform,0.05,256.0,243.0,83.41966653851195,27.372796663560187,4.379309005763893,31.75210566932408,275.76479602858967,0.1151419837682283,0.6401535922877066,0.3483036191731865,0.0001375768308397,16.770153863518658
phase1_pilot,study3,,,1,complete,,,,,,,,,,,,,,,,,,,,,,,,,,,,full_surface,uniform,0.1,256.0,230.0,80.0706591945819,26.36061839181308,4.290930254150162,30.65154864596324,264.1240924422103,0.1160498020509402,0.6045005523671516,0.3824712765315345,0.0010453951135516,28.410857449898003
phase1_pilot,study3,,,1,complete,,,,,,,,,,,,,,,,,,,,,,,,,,,,full_surface,uniform,0.15,256.0,218.0,73.61852241002246,24.14123689650012,4.056934337931521,28.19817123443164,246.21380475466685,0.1145271738982453,0.5738524563899399,0.4141709325044349,-0.0004772330391432,46.32114513744148
phase1_pilot,study3,,,1,complete,,,,,,,,,,,,,,,,,,,,,,,,,,,,full_surface,spatial,0.05,256.0,243.0,85.55274133820919,28.22859192234312,4.434883319991179,32.6634752423343,283.1993015124506,0.115337414558365,0.6391013741979156,0.3488880372125966,0.0003330076209764,9.335648379657757
phase1_pilot,study3,,,1,complete,,,,,,,,,,,,,,,,,,,,,,,,,,,,full_surface,spatial,0.1,256.0,230.0,80.51837515362679,26.688423420781145,4.320456545735676,31.008879966516822,271.1408951445944,0.1143644522853578,0.6043239961988349,0.3818608989460148,-0.0006399546520307,21.394054747513906
phase1_pilot,study3,,,1,complete,,,,,,,,,,,,,,,,,,,,,,,,,,,,full_surface,spatial,0.15,256.0,218.0,78.14900227184212,25.930529591006355,4.208990188608869,30.139519779615224,258.83291768554534,0.1164439208426615,0.5721902669781125,0.4163395256980697,0.0014395139052729,33.70203220656299
phase1_pilot,study3,,,1,complete,,,,,,,,,,,,,,,,,,,,,,,,,,,,full_surface,load_targeted,0.05,256.0,243.0,79.51415996391563,25.311122664156464,4.2104364386630815,29.521559102819545,252.55385188969467,0.116892135601022,0.6442597538731483,0.3138902494957925,0.0018877286636334,39.98109800241366
phase1_pilot,study3,,,1,complete,,,,,,,,,,,,,,,,,,,,,,,,,,,,full_surface,load_targeted,0.1,256.0,230.0,73.00064711541893,22.759133695622744,3.9497293349152063,26.708863030537948,221.96483462464252,0.1203292542915689,0.6125176837206632,0.3276254951879795,0.0053248473541803,70.57011526746578
phase1_pilot,study3,,,1,complete,,,,,,,,,,,,,,,,,,,,,,,,,,,,full_surface,load_targeted,0.15,256.0,218.0,67.06819586611047,20.53691870744482,3.744442899263348,24.281361606708167,198.17810558272333,0.1225229272128016,0.5816497536396986,0.3461642990883991,0.007518520275413,94.356844309385
phase1_pilot,study1,maze,mlp,2,complete,3.0,384.0,128.0,0.4801862140496571,0.0001567851692622,16.000981330871582,0.012057869695127,6.004020178806968e-06,2.7265082552796468e-11,5.115545718581416e-06,1.695744715553964,8.321828136104159e-05,0.0003637250047177,0.0,0.000289513671305,2.048733107710973,0.6617647058823529,,,,,,,,,,,,,,,,,,,,,,,,,
phase1_pilot,study1,maze,spiking,2,complete,3.0,384.0,128.0,0.480139322578907,0.0001234211764919,16.00053056081136,0.0141281010583043,1.191071760331397e-06,5.98693230408065e-12,7.946476330289443e-07,2.8788633760235296,7.393082341877744e-05,0.0002179981820518,0.0,0.000172340136487,2.1573324610196263,0.7248157248157249,,,,,,,,,,,,,,,,,,,,,,,,,
phase1_pilot,study1,sorting,mlp,2,complete,3.0,384.0,128.0,0.4794694458444913,0.0016086414883223,15.928693850835163,0.0940115973353385,0.1094185635447502,1.4608775700253318e-07,0.1036007329821586,1.2997413004584752,0.0013603679835796,0.2836020886898041,6.055187018461083e-09,0.1416672468185424,4.558392012508981,,,,,,,,,,,,,,,,,,,,,,,,,,
phase1_pilot,study1,sorting,spiking,2,complete,3.0,384.0,128.0,0.4807958304882049,0.0014040098176337,15.979727824529013,0.0294242985546588,0.029063967987895,1.7367892013453456e-08,0.0213648974895477,2.3251510026044437,0.0011731528065865,0.2011361420154571,5.5638631479837394e-09,0.0859225839376449,5.759863500288997,,,,,,,,,,,,,,,,,,,,,,,,,,
phase1_pilot,study2,maze_action,,2,complete,,,,1.3739526271820068,,,,,,,,,,,,,,classification,0.1,8.0,0.289473682641983,1.3835073709487915,0.265625,,,,,,,,,,,,,,,,,,,
phase1_pilot,study2,sorting_head,,2,complete,,,,,,,,,,,,,,,,,,regression,0.1,8.0,,,,0.2879962623119354,0.2759587168693542,0.4108566343784332,0.0,,,,,,,,,,,,,,,
phase1_pilot,study3,,,2,complete,,,,,,,,,,,,,,,,,,,,,,,,,,,,sparsity,none,0.0,256.0,154.0,56.26433195888861,12.483511530660149,2.115731625125996,14.599243155786144,67.53476478284611,0.2161737469667271,0.5493059447132765,0.6072584571095254,,
phase1_pilot,study3,,,2,complete,,,,,,,,,,,,,,,,,,,,,,,,,,,,sparsity,uniform,0.05,256.0,145.0,53.259205778535694,11.872606555871556,2.0633901523600024,13.935996708231558,64.84251719512946,0.2149206617649497,0.5195802625039562,0.6252438290307607,-0.0012530852017773,2.6922475877166505
phase1_pilot,study3,,,2,complete,,,,,,,,,,,,,,,,,,,,,,,,,,,,sparsity,uniform,0.1,256.0,138.0,50.080539984939264,11.105054264656978,1.9894317681611693,13.094486032818148,61.15630852631794,0.2141150495544042,0.4917711358509451,0.6531692728193843,-0.0020586974123228,6.378456256528168
phase1_pilot,study3,,,2,complete,,,,,,,,,,,,,,,,,,,,,,,,,,,,sparsity,uniform,0.15,256.0,132.0,48.68942611365485,10.751627084465127,1.9023137912577408,12.653940875722869,56.28173850808452,0.2248320895712361,0.4703550839838221,0.661067345211183,0.008658342604509,11.253026274761597
phase1_pilot,study3,,,2,complete,,,,,,,,,,,,,,,,,,,,,,,,,,,,sparsity,spatial,0.05,256.0,147.0,53.77317686418293,11.92947406636772,2.036437697459325,13.965911763827046,62.726965440847735,0.2226460608041147,0.5235637146645364,0.6210953516899083,0.0064723138373876,4.807799341998376
phase1_pilot,study3,,,2,complete,,,,,,,,,,,,,,,,,,,,,,,,,,,,sparsity,spatial,0.1,256.0,135.0,50.12658676802129,11.156575948363802,2.0027030563545414,13.159279004718345,61.53673930678736,0.2138442684942272,0.4926797812992049,0.6559177778500056,-0.0023294784724998,5.998025476058757
phase1_pilot,study3,,,2,complete,,,,,,,,,,,,,,,,,,,,,,,,,,,,sparsity,spatial,0.15,256.0,132.0,47.27388816532768,10.48921183740898,1.9307574799754048,12.419969317384384,57.286029297545696,0.2168062521964396,0.4651698642153998,0.6738314417722242,0.0006325052297125,10.248735485300417
phase1_pilot,study3,,,2,complete,,,,,,,,,,,,,,,,,,,,,,,,,,,,sparsity,load_targeted,0.05,256.0,141.0,51.55056433849786,10.969975638229332,1.8415471569639053,12.811522795193238,49.04410393783458,0.2612245257619575,0.5188043657100956,0.5765194296867098,0.0450507787952304,18.490660845011533
phase1_pilot,study3,,,2,complete,,,,,,,,,,,,,,,,,,,,,,,,,,,,sparsity,load_targeted,0.1,256.0,128.0,46.70470053631743,9.58098018870605,1.6419872733596594,11.222967462065707,38.86337585271026,0.2887800458125986,0.4853592218564889,0.5798171518024786,0.0726062988458715,28.671388930135848
phase1_pilot,study3,,,2,complete,,,,,,,,,,,,,,,,,,,,,,,,,,,,sparsity,load_targeted,0.15,256.0,116.0,42.28234280256066,8.423275426316534,1.4813923484755618,9.904667774792095,31.692270780380184,0.3125262888324979,0.4536723119859904,0.5888128363431178,0.0963525418657708,35.842494002465926
phase1_pilot,study3,,,2,complete,,,,,,,,,,,,,,,,,,,,,,,,,,,,euclidean_length,none,0.0,256.0,130.0,41.38942297358567,8.433527440318032,1.9157329928805216,10.349260433198554,54.99698473709655,0.1881786879915252,0.5491862155784114,0.6133669039109684,,
phase1_pilot,study3,,,2,complete,,,,,,,,,,,,,,,,,,,,,,,,,,,,euclidean_length,uniform,0.05,256.0,124.0,39.27419387709813,8.026968068908047,1.8686092303840989,9.895577299292146,53.025609776823245,0.1866188307701682,0.5217196240547404,0.6325885788040477,-0.0015598572213569,1.9713749602733015
phase1_pilot,study3,,,2,complete,,,,,,,,,,,,,,,,,,,,,,,,,,,,euclidean_length,uniform,0.1,256.0,119.0,37.278251710540346,7.622857978484018,1.8309492192928407,9.45380719777686,51.31143688963128,0.1842436651358869,0.4964569429804434,0.6544033703874048,-0.0039350228556382,3.6855478474652728
phase1_pilot,study3,,,2,complete,,,,,,,,,,,,,,,,,,,,,,,,,,,,euclidean_length,uniform,0.15,256.0,112.0,35.122469979938344,7.120371470811609,1.7185948155286463,8.838966286340256,45.58405278908066,0.1939047922153714,0.4657275902843478,0.6725093075994049,0.0057261042238462,9.412931948015888
phase1_pilot,study3,,,2,complete,,,,,,,,,,,,,,,,,,,,,,,,,,,,euclidean_length,spatial,0.05,256.0,120.0,39.28673937783864,7.982879969184273,1.8202561290904755,9.803136098274749,50.4995754307168,0.1941231389119892,0.5190371216836139,0.6326566320844893,0.005944450920464,4.497409306379751
phase1_pilot,study3,,,2,complete,,,,,,,,,,,,,,,,,,,,,,,,,,,,euclidean_length,spatial,0.1,256.0,115.0,36.94793574498782,7.539598673216799,1.805962537141788,9.345561210358587,50.20025670620852,0.1861656059488062,0.4904432357941938,0.6572428206223453,-0.002013082042719,4.796728030888026
phase1_pilot,study3,,,2,complete,,,,,,,,,,,,,,,,,,,,,,,,,,,,euclidean_length,spatial,0.15,256.0,113.0,35.30296714092579,7.225501180888965,1.7793448903501183,9.004846071239085,48.67755761390838,0.1849896854072292,0.470196668012373,0.6720206017626902,-0.0031890025842959,6.31942712318817
phase1_pilot,study3,,,2,complete,,,,,,,,,,,,,,,,,,,,,,,,,,,,euclidean_length,load_targeted,0.05,256.0,117.0,39.43741314918921,7.814080449766405,1.6485134815103724,9.462593931276778,39.19417029270096,0.2414286068105564,0.5155760175299744,0.5768048384244966,0.0532499188190312,15.802814444395588
phase1_pilot,study3,,,2,complete,,,,,,,,,,,,,,,,,,,,,,,,,,,,euclidean_length,load_targeted,0.1,256.0,104.0,37.28943891800843,7.190310032609901,1.4274538277110105,8.617763860320911,29.41506737147952,0.2929710732448254,0.4817864734984541,0.553379791972159,0.1047923852533002,25.58191736561703
phase1_pilot,study3,,,2,complete,,,,,,,,,,,,,,,,,,,,,,,,,,,,euclidean_length,load_targeted,0.15,256.0,92.0,35.251575323026735,6.682982094847215,1.2973133294554902,7.980295424302706,24.06116094967522,0.3316670977629511,0.450400187608868,0.557523807748219,0.1434884097714259,30.935823787421327
phase1_pilot,study3,,,2,complete,,,,,,,,,,,,,,,,,,,,,,,,,,,,tube_only,none,0.0,256.0,242.0,108.42545242945698,28.467897291889173,3.846811054461248,32.31470834635042,212.2921001269043,0.1522181387131744,0.5694018711534331,0.5004922057197796,,
phase1_pilot,study3,,,2,complete,,,,,,,,,,,,,,,,,,,,,,,,,,,,tube_only,uniform,0.05,256.0,229.0,102.94791889741931,27.112471611502613,3.753110976671282,30.865582588173893,202.99756655291475,0.1520490275365333,0.5388637051170244,0.5205803065751387,-0.000169111176641,9.294533573989554
phase1_pilot,study3,,,2,complete,,,,,,,,,,,,,,,,,,,,,,,,,,,,tube_only,uniform,0.1,256.0,218.0,96.0110356857062,25.122640509934985,3.596476368367181,28.719116878302163,189.40432873830252,0.1516286194095737,0.508925475710577,0.5516839182056257,-0.0005895193036006,22.88777138860175
phase1_pilot,study3,,,2,complete,,,,,,,,,,,,,,,,,,,,,,,,,,,,tube_only,uniform,0.15,256.0,207.0,92.88692016505462,24.509997447458275,3.4998966250943546,28.00989407255263,181.2915376791593,0.1545019388636778,0.4868623572796928,0.5757940285517258,0.0022838001505033,31.00056244774504
phase1_pilot,study3,,,2,complete,,,,,,,,,,,,,,,,,,,,,,,,,,,,tube_only,spatial,0.05,256.0,232.0,104.46913077006772,27.51185571995884,3.757351628882409,31.26920734884125,203.8161270568993,0.1534187102798673,0.5435768992183999,0.5204863042032553,0.0012005715666928,8.475973070004983
phase1_pilot,study3,,,2,complete,,,,,,,,,,,,,,,,,,,,,,,,,,,,tube_only,spatial,0.1,256.0,217.0,97.92545096472294,25.89501730200252,3.679477041177272,29.574494343179797,195.59860121159352,0.1511999275990469,0.5094126159619883,0.5581414128540312,-0.0010182111141275,16.693498915310784
phase1_pilot,study3,,,2,complete,,,,,,,,,,,,,,,,,,,,,,,,,,,,tube_only,spatial,0.15,256.0,208.0,90.9792211060164,23.60960147031882,3.4930505861668486,27.10265205648567,178.0540064143249,0.1522159068518608,0.4889674165992363,0.5688168324564065,-2.231861313650718e-06,34.2380937125794
phase1_pilot,study3,,,2,complete,,,,,,,,,,,,,,,,,,,,,,,,,,,,tube_only,load_targeted,0.05,256.0,229.0,100.48501518533024,25.215190358897036,3.4643833574077294,28.679573716304763,168.0201471640403,0.1706912783893564,0.5523720749404475,0.4821781903857254,0.018473139676182,44.27195296286399
phase1_pilot,study3,,,2,complete,,,,,,,,,,,,,,,,,,,,,,,,,,,,tube_only,load_targeted,0.1,256.0,216.0,93.8896585644984,22.88855705373271,3.160398594101662,26.04895564783437,140.62064435362657,0.1852427555407524,0.527922452142098,0.4921731750082341,0.033024616827578,71.67145577327773
phase1_pilot,study3,,,2,complete,,,,,,,,,,,,,,,,,,,,,,,,,,,,tube_only,load_targeted,0.15,256.0,204.0,87.55525371119997,20.78602371389376,2.886533289102317,23.67255700299608,119.90626314934332,0.1974255254001005,0.5033558602668223,0.5061487289189976,0.045207386686926,92.38583697756098
phase1_pilot,study3,,,2,complete,,,,,,,,,,,,,,,,,,,,,,,,,,,,full_surface,none,0.0,256.0,256.0,94.99702132172072,31.527532354766947,4.712556681285839,36.24008903605279,310.31146370445214,0.1167861754195482,0.6691008300260657,0.3576479704331574,,
phase1_pilot,study3,,,2,complete,,,,,,,,,,,,,,,,,,,,,,,,,,,,full_surface,uniform,0.05,256.0,243.0,90.25589542099296,30.03220821558381,4.598018141381537,34.63022635696535,297.40815348363384,0.116440070489549,0.635066600344564,0.3852653968427832,-0.0003461049299991,12.903310220818298
phase1_pilot,study3,,,2,complete,,,,,,,,,,,,,,,,,,,,,,,,,,,,full_surface,uniform,0.1,256.0,230.0,84.2043555357683,27.958819953426698,4.410953747648668,32.36977370107537,278.5264692269524,0.1162179443474625,0.6010445475295848,0.4254449058604823,-0.0005682310720857,31.784994477499765
phase1_pilot,study3,,,2,complete,,,,,,,,,,,,,,,,,,,,,,,,,,,,full_surface,uniform,0.15,256.0,218.0,81.33931082568839,26.956987465891476,4.2715400159357815,31.228527481827253,260.6284954846892,0.1198200811563353,0.5701035512109003,0.4513189965899169,0.0030339057367871,49.68296821976293
phase1_pilot,study3,,,2,complete,,,,,,,,,,,,,,,,,,,,,,,,,,,,full_surface,spatial,0.05,256.0,243.0,91.82441382445356,30.628744040082022,4.634090893485045,35.26283493356707,301.6613475537565,0.1168954366157706,0.6343039171552095,0.3903267709223843,0.0001092611962224,8.650116150695624
phase1_pilot,study3,,,2,complete,,,,,,,,,,,,,,,,,,,,,,,,,,,,full_surface,spatial,0.1,256.0,230.0,86.06676556830642,28.73418822734874,4.489892189977488,33.22408041732623,284.2294125057145,0.1168917745818769,0.5997077586869956,0.4322585716377483,0.0001055991623287,26.082051198737588
phase1_pilot,study3,,,2,complete,,,,,,,,,,,,,,,,,,,,,,,,,,,,full_surface,spatial,0.15,256.0,218.0,79.31288252855873,26.137220396276465,4.272604721812721,30.409825118089188,257.4189991246276,0.1181335690851052,0.5698011409440068,0.4566147578326616,0.001347393665557,52.89246457982455
phase1_pilot,study3,,,2,complete,,,,,,,,,,,,,,,,,,,,,,,,,,,,full_surface,load_targeted,0.05,256.0,243.0,86.07235784685376,27.437087758042896,4.289231538963856,31.726319297006757,255.4427527971908,0.1242012895192759,0.6430213801404123,0.3309634375749815,0.0074151140997277,54.86871090726132
phase1_pilot,study3,,,2,complete,,,,,,,,,,,,,,,,,,,,,,,,,,,,full_surface,load_targeted,0.1,256.0,230.0,78.85600597249194,24.50145290524451,3.9994372626946864,28.5008901679392,219.7978095576769,0.129668672422159,0.612277117804708,0.3318569801593969,0.0128824970026108,90.5136541467752
phase1_pilot,study3,,,2,complete,,,,,,,,,,,,,,,,,,,,,,,,,,,,full_surface,load_targeted,0.15,256.0,218.0,72.24974837303589,22.040694998256,3.773079123731024,25.81377412198702,195.7545204036696,0.1318680869664578,0.5817683547099207,0.349085123980988,0.0150819115469095,114.55694330078254
phase1_pilot,study1,maze,mlp,3,complete,3.0,384.0,128.0,0.4801501805583636,0.0001212710837232,16.00096384684245,0.0261386334896087,3.437786290305666e-06,3.014845317839132e-12,3.1024924282974098e-06,1.574594204166483,5.481247444549808e-05,0.0003151349374093,0.0,0.0002711120760068,1.806645370907903,0.7230392156862745,,,,,,,,,,,,,,,,,,,,,,,,,
phase1_pilot,study1,maze,spiking,3,complete,3.0,384.0,128.0,0.4801395734151204,0.0001145305468526,16.00083525975545,0.0189086496829986,1.041200675899745e-06,6.096158300383792e-12,7.634789085386728e-07,2.434039618523584,5.279393371893093e-05,0.0001048156264005,0.0,6.753206253051758e-05,3.1186233655750577,0.7205882352941176,,,,,,,,,,,,,,,,,,,,,,,,,
phase1_pilot,study1,sorting,mlp,3,complete,3.0,384.0,128.0,0.4767551819483439,0.0020593204147492,15.823196013768516,0.0677130818367004,0.2790706157684326,1.0359522661929077e-07,0.2751418352127075,1.09876049685341,0.001896935980767,0.4789053201675415,1.923130099612536e-08,0.3688352108001709,2.7052424368871586,,,,,,,,,,,,,,,,,,,,,,,,,,
phase1_pilot,study1,sorting,spiking,3,complete,3.0,384.0,128.0,0.4793210998177528,0.0023743875014285,15.898224274317425,0.0664882734417915,0.1101060062646865,8.186933797560415e-08,0.1049101650714874,1.2838419238340188,0.0024208010872825,0.3420763611793518,1.7454791390036917e-08,0.1914179325103759,4.313502960525073,,,,,,,,,,,,,,,,,,,,,,,,,,
phase1_pilot,study2,maze_action,,3,complete,,,,1.3768218755722046,,,,,,,,,,,,,,classification,0.1,8.0,0.289473682641983,1.3865749835968018,0.28125,,,,,,,,,,,,,,,,,,,
phase1_pilot,study2,sorting_head,,3,complete,,,,,,,,,,,,,,,,,,regression,0.1,8.0,,,,0.2784202694892883,0.2639276683330536,0.427563339471817,0.0,,,,,,,,,,,,,,,
phase1_pilot,study3,,,3,complete,,,,,,,,,,,,,,,,,,,,,,,,,,,,sparsity,none,0.0,256.0,162.0,52.47689103736483,11.494773054149617,2.040184989076588,13.534958043226204,63.26443631720587,0.2139426007563384,0.5644380552398428,0.5722779086710332,,
phase1_pilot,study3,,,3,complete,,,,,,,,,,,,,,,,,,,,,,,,,,,,sparsity,uniform,0.05,256.0,152.0,49.22119394107732,10.78317045690509,1.9762013400004128,12.759371796905503,59.66303643191724,0.2138572315092766,0.5337804603306733,0.5975555168249329,-8.536924706184501e-05,3.601399885288629
phase1_pilot,study3,,,3,complete,,,,,,,,,,,,,,,,,,,,,,,,,,,,sparsity,uniform,0.1,256.0,147.0,47.30429361035132,10.365966592367268,1.9125605068310565,12.278527099198325,56.85982987591802,0.2159437888546909,0.5090789337073356,0.6119878623087831,0.0020011880983524,6.404606441287847
phase1_pilot,study3,,,3,complete,,,,,,,,,,,,,,,,,,,,,,,,,,,,sparsity,uniform,0.15,256.0,137.0,43.854677894742295,9.698626773472572,1.88067600741818,11.579302780890751,55.2225273068284,0.2096844049613444,0.4786815221621194,0.6399948771569606,-0.004258195794994,8.041909010377474
phase1_pilot,study3,,,3,complete,,,,,,,,,,,,,,,,,,,,,,,,,,,,sparsity,spatial,0.05,256.0,153.0,50.57932356014126,11.086021669178294,1.986021882886504,13.072043552064798,60.74957750602063,0.2151791680957368,0.5349902421960602,0.5980547160356753,0.0012365673393983,2.514858811185242
phase1_pilot,study3,,,3,complete,,,,,,,,,,,,,,,,,,,,,,,,,,,,sparsity,spatial,0.1,256.0,146.0,48.43140198504237,10.512715616770642,1.9041558878259837,12.416871504596624,56.49090477655262,0.2198030205307032,0.5086762085555004,0.6092194093765906,0.0058604197743647,6.773531540653252
phase1_pilot,study3,,,3,complete,,,,,,,,,,,,,,,,,,,,,,,,,,,,sparsity,spatial,0.15,256.0,135.0,43.52854774385126,9.62257594219021,1.8826038924849868,11.505179834675197,55.804797755000735,0.2061682918935499,0.4799904829446264,0.644872906144814,-0.0077743088627885,7.459638562205136
phase1_pilot,study3,,,3,complete,,,,,,,,,,,,,,,,,,,,,,,,,,,,sparsity,load_targeted,0.05,256.0,149.0,48.08536637633816,10.094656933443575,1.772083568552815,11.866740501996391,46.045876427153374,0.2577155962747923,0.530865385739852,0.528411483279702,0.0437729955184538,17.218559890052497
phase1_pilot,study3,,,3,complete,,,,,,,,,,,,,,,,,,,,,,,,,,,,sparsity,load_targeted,0.1,256.0,136.0,44.248370643641564,9.038013324534251,1.601360412923296,10.639373737457548,37.4499824569758,0.2840955599068591,0.4967381841382575,0.5327830258494557,0.0701529591505206,25.814453860230078
phase1_pilot,study3,,,3,complete,,,,,,,,,,,,,,,,,,,,,,,,,,,,sparsity,load_targeted,0.15,256.0,124.0,40.56560240289801,8.10272444498859,1.4541225637412134,9.556847008729804,31.26705314019637,0.3056523095675801,0.4656664677703498,0.5431584166422163,0.0917097088112416,31.997383177009496
phase1_pilot,study3,,,3,complete,,,,,,,,,,,,,,,,,,,,,,,,,,,,euclidean_length,none,0.0,256.0,145.0,42.14747223780272,8.838624394671337,2.1019934408505048,10.940617835521842,68.31381493492871,0.1601523475792069,0.5712971635488193,0.6092830047615985,,
phase1_pilot,study3,,,3,complete,,,,,,,,,,,,,,,,,,,,,,,,,,,,euclidean_length,uniform,0.05,256.0,137.0,39.96247974715894,8.412776630482483,2.061152756127356,10.47392938660984,66.41009799634799,0.1577159152153135,0.5421398365956231,0.6315160889009901,-0.0024364323638933,1.9037169385807289
phase1_pilot,study3,,,3,complete,,,,,,,,,,,,,,,,,,,,,,,,,,,,euclidean_length,uniform,0.1,256.0,131.0,37.78266029586742,7.960126552097075,1.9840474790592464,9.944174031156322,62.605407994814406,0.1588388982369,0.5129292291975749,0.6483742799833869,-0.0013134493423068,5.708406940114308
phase1_pilot,study3,,,3,complete,,,,,,,,,,,,,,,,,,,,,,,,,,,,euclidean_length,uniform,0.15,256.0,131.0,36.1288004222614,7.612499706124998,1.927530133142841,9.54002983926784,60.153354285120045,0.1585951432145119,0.4917629350517924,0.6630677637950955,-0.0015572043646949,8.16046064980867
phase1_pilot,study3,,,3,complete,,,,,,,,,,,,,,,,,,,,,,,,,,,,euclidean_length,spatial,0.05,256.0,135.0,39.99909264624934,8.36372590962202,2.007790648567985,10.371516558190004,64.27758850534835,0.1613550974413651,0.5402938742035908,0.636345738126014,0.0012027498621582,4.036226429580367
phase1_pilot,study3,,,3,complete,,,,,,,,,,,,,,,,,,,,,,,,,,,,euclidean_length,spatial,0.1,256.0,124.0,37.92319739554638,7.903474522724663,1.9245901131365528,9.828064635861216,59.255416446764336,0.1658593462596327,0.5094531096145836,0.6590092422763536,0.0057069986804258,9.05839848816438
phase1_pilot,study3,,,3,complete,,,,,,,,,,,,,,,,,,,,,,,,,,,,euclidean_length,spatial,0.15,256.0,129.0,36.01227630329579,7.626560335018617,1.9859479393405968,9.612508274359216,63.04510345866571,0.1524703386225191,0.4925681100805548,0.6682719669194372,-0.0076820089566878,5.268711476263007
phase1_pilot,study3,,,3,complete,,,,,,,,,,,,,,,,,,,,,,,,,,,,euclidean_length,load_targeted,0.05,256.0,132.0,40.2316714550896,8.19895605599874,1.7927912568010531,9.991747312799792,46.91391008780204,0.2129804847212664,0.538709802055912,0.548560683499524,0.0528281371420595,21.39990484712668
phase1_pilot,study3,,,3,complete,,,,,,,,,,,,,,,,,,,,,,,,,,,,euclidean_length,load_targeted,0.1,256.0,119.0,38.18218162019553,7.615654169416489,1.598345774514322,9.213999943930812,37.13405538480146,0.2481280281932448,0.5055341238726833,0.543862617486293,0.0879756806140379,31.179759550127255
phase1_pilot,study3,,,3,complete,,,,,,,,,,,,,,,,,,,,,,,,,,,,euclidean_length,load_targeted,0.15,256.0,107.0,36.102107815770864,7.040338703556147,1.4489034827710936,8.48924218632724,30.466176136414703,0.2786448205882333,0.4746798990134695,0.5477718506428781,0.1184924730090264,37.84763879851401
phase1_pilot,study3,,,3,complete,,,,,,,,,,,,,,,,,,,,,,,,,,,,tube_only,none,0.0,256.0,244.0,97.53092961535654,25.63405269134855,3.859324009645533,29.493376700994084,210.5076451533822,0.1401059646936018,0.5868118684857571,0.4779310711495881,,
phase1_pilot,study3,,,3,complete,,,,,,,,,,,,,,,,,,,,,,,,,,,,tube_only,uniform,0.05,256.0,232.0,92.9155258589316,24.453669616239598,3.766737207709917,28.22040682394951,202.97466114455705,0.139034136888943,0.5554030342690132,0.5031314505723912,-0.0010718278046587,7.532984008825196
phase1_pilot,study3,,,3,complete,,,,,,,,,,,,,,,,,,,,,,,,,,,,tube_only,uniform,0.1,256.0,219.0,87.5051753219818,22.97477656140561,3.631725619205286,26.606502180610896,189.92278011477345,0.140091157907078,0.5269420994332616,0.5279724436242685,-1.4806786523768878e-05,20.58486503860877
phase1_pilot,study3,,,3,complete,,,,,,,,,,,,,,,,,,,,,,,,,,,,tube_only,uniform,0.15,256.0,206.0,80.79343136399339,21.292108797459463,3.508563559626096,24.80067235708556,176.25227201191996,0.1407112207552205,0.5014647743694496,0.5508643102505673,0.0006052560616187,34.25537314146226
phase1_pilot,study3,,,3,complete,,,,,,,,,,,,,,,,,,,,,,,,,,,,tube_only,spatial,0.05,256.0,231.0,93.60002087327656,24.58741863565233,3.749202422947513,28.33662105859985,201.6971566684314,0.1404909296950443,0.5554701537625244,0.5042336987101463,0.0003849650014425,8.81048848495081
phase1_pilot,study3,,,3,complete,,,,,,,,,,,,,,,,,,,,,,,,,,,,tube_only,spatial,0.1,256.0,220.0,89.6782590945038,23.53087182018831,3.630337052349517,27.161208872537827,191.60338637213908,0.1417574573466398,0.5263272547980069,0.5336771790291059,0.001651492653038,18.90425878124313
phase1_pilot,study3,,,3,complete,,,,,,,,,,,,,,,,,,,,,,,,,,,,tube_only,spatial,0.15,256.0,207.0,78.8437448906115,20.61563508231289,3.462576494004176,24.07821157631707,173.7481467839142,0.1385811130686572,0.5031767300280752,0.5538755316479493,-0.0015248516249445,36.75949836946802
phase1_pilot,study3,,,3,complete,,,,,,,,,,,,,,,,,,,,,,,,,,,,tube_only,load_targeted,0.05,256.0,231.0,91.34824363877377,23.225026831328627,3.5108631088459687,26.735889940174594,170.65467866349545,0.1566666097173166,0.5657609591187174,0.4678142961506553,0.0165606450237148,39.85296648988677
phase1_pilot,study3,,,3,complete,,,,,,,,,,,,,,,,,,,,,,,,,,,,tube_only,load_targeted,0.1,256.0,218.0,85.37532858595338,21.0975630982295,3.226719270372872,24.32428236860237,143.2860781202508,0.1697602634255294,0.5384262760807119,0.4770005383457845,0.0296542987319276,67.22156703313141
phase1_pilot,study3,,,3,complete,,,,,,,,,,,,,,,,,,,,,,,,,,,,tube_only,load_targeted,0.15,256.0,206.0,80.37474562199881,19.45262326660802,2.947437708480916,22.40006097508893,123.07477714574809,0.1820036687675023,0.5151521595350462,0.4923164630818004,0.0418977040739005,87.43286800763414
phase1_pilot,study3,,,3,complete,,,,,,,,,,,,,,,,,,,,,,,,,,,,full_surface,none,0.0,256.0,256.0,85.43262099181985,28.32707943791188,4.695760013578534,33.02283945149041,308.0832207365148,0.107188049292243,0.6699670009145842,0.3463315893044374,,
phase1_pilot,study3,,,3,complete,,,,,,,,,,,,,,,,,,,,,,,,,,,,full_surface,uniform,0.05,256.0,243.0,81.1906179211523,26.985206159525404,4.564787455512708,31.54999361503811,294.6453834125026,0.1070778481188603,0.6353659387328876,0.3826540984851625,-0.0001102011733826,13.43783732401215
phase1_pilot,study3,,,3,complete,,,,,,,,,,,,,,,,,,,,,,,,,,,,full_surface,uniform,0.1,256.0,230.0,76.87566826091175,25.56984537401108,4.444339026994478,30.01418440100556,279.45639899366563,0.1074020294686895,0.601278181558128,0.4153714523765242,0.0002139801764465,28.62682174284913
phase1_pilot,study3,,,3,complete,,,,,,,,,,,,,,,,,,,,,,,,,,,,full_surface,uniform,0.15,256.0,218.0,71.41355080590733,23.72306523312747,4.278088693461388,28.00115392658886,261.9461374820204,0.1068966093361153,0.5707131535965184,0.4471139077836907,-0.0002914399561276,46.13708325449437
phase1_pilot,study3,,,3,complete,,,,,,,,,,,,,,,,,,,,,,,,,,,,full_surface,spatial,0.05,256.0,243.0,82.48750514349462,27.44885384117147,4.60292625758626,32.05178009875773,298.3877628940589,0.1074165367467277,0.6353740777755955,0.3779702651098626,0.0002284874544847,9.69545784245588
phase1_pilot,study3,,,3,complete,,,,,,,,,,,,,,,,,,,,,,,,,,,,full_surface,spatial,0.1,256.0,230.0,79.28982348571017,26.43973964622108,4.478179041002759,30.91791868722384,286.7751827367529,0.1078123929382237,0.600657376877292,0.417518959341292,0.0006243436459806,21.30803799976184
phase1_pilot,study3,,,3,complete,,,,,,,,,,,,,,,,,,,,,,,,,,,,full_surface,spatial,0.15,256.0,218.0,67.89316001884342,21.93872689583562,4.066735926907649,26.00546282274327,237.0576697644417,0.1097009974302339,0.5753083369317838,0.4350033438508673,0.0025129481379908,71.02555097207306
phase1_pilot,study3,,,3,complete,,,,,,,,,,,,,,,,,,,,,,,,,,,,full_surface,load_targeted,0.05,256.0,243.0,78.8107761277493,25.40922683008678,4.335458077633437,29.744684907720217,260.0381688216207,0.1143858420529811,0.6420526770227782,0.3354213831214232,0.0071977927607381,48.04505191489409
phase1_pilot,study3,,,3,complete,,,,,,,,,,,,,,,,,,,,,,,,,,,,full_surface,load_targeted,0.1,256.0,230.0,71.39182533976881,22.49256458382005,4.042833391549965,26.53539797537002,227.85988845522127,0.1164548888095333,0.6104000097807052,0.3499799470031481,0.0092668395172903,80.22333228129344
phase1_pilot,study3,,,3,complete,,,,,,,,,,,,,,,,,,,,,,,,,,,,full_surface,load_targeted,0.15,256.0,218.0,66.27931919552655,20.50867467995338,3.8042214419366496,24.31289612189003,201.60464050097212,0.1205969071955306,0.5798388495630471,0.3650967356311154,0.0134088579032876,106.4785802355426
