study,task,predictor,variant,damage_type,damage_level,head_type,metric,n_rows,n_seeds,mean,sd,median,q25,q75,boot_ci_low,boot_ci_high
study1,maze,mlp,,,,,epochs,4,4,3.0,0.0,3.0,3.0,3.0,3.0,3.0
study1,maze,mlp,,,,,train_samples,4,4,384.0,0.0,384.0,384.0,384.0,384.0,384.0
study1,maze,mlp,,,,,val_samples,4,4,128.0,0.0,128.0,128.0,128.0,128.0,128.0
study1,maze,mlp,,,,,train_loss,4,4,0.4802315669755141,9.645953773596483e-05,0.4802031566699345,0.48017720567683375,0.4802575179686149,0.48016819730401034,0.480323884015282
study1,maze,mlp,,,,,train_pred_loss,4,4,0.00019939781532224998,8.886159928277319e-05,0.0001757176799704,0.00014790664787745002,0.0002272088474152,0.00013902812649270002,0.0002828599055343
study1,maze,mlp,,,,,train_anti_collapse,4,4,16.00107252597809,0.00028871474898793263,16.000972588857017,16.000934998194378,16.001110116640728,16.00088167190552,16.001367688179016
study1,maze,mlp,,,,,train_ac_mean_norm,4,4,0.018767619738355223,0.007844419662739794,0.0185076729394495,0.01202252716757355,0.025252765510231173,0.0119871846400201,0.02554805483669035
study1,maze,mlp,,,,,train_ac_cov_trace,4,4,1.2955484635313042e-05,1.3874959253309885e-05,7.442599780915771e-06,5.362461706681643e-06,1.503562270954717e-05,4.720903234556317e-06,2.662521956153796e-05
study1,maze,mlp,,,,,train_ac_cov_min_eig,4,4,1.4003979616553086e-11,1.0527144110609408e-11,1.286799529778837e-11,7.346057139326345e-12,1.952591777501511e-11,5.902319865497274e-12,2.2646260517886204e-11
study1,maze,mlp,,,,,train_ac_cov_max_eig,4,4,1.2340832313384453e-05,1.382037663067337e-05,6.721073077642359e-06,4.612282396010414e-06,1.4449622995016398e-05,4.109019073439413e-06,2.5892904432112118e-05
study1,maze,mlp,,,,,train_ac_effective_rank,4,4,1.4366898780742796,0.24832897079686322,1.4565102990602454,1.2883183451211717,1.6048818320133533,1.2382102962883357,1.6351694598602236
study1,maze,mlp,,,,,val_pred_loss,4,4,9.235195898323491e-05,2.9363266065497657e-05,9.86808190645708e-05,7.611682963215571e-05,0.00011491594841565,6.901537790326984e-05,0.00011568854006319999
study1,maze,mlp,,,,,val_cov_trace,4,4,0.0019156605121679248,0.002821905615048507,0.00060728433891195,0.0003515774878906,0.002171367363189275,0.0003394299710635,0.0046906350762583
study1,maze,mlp,,,,,val_cov_min_eig,4,4,0.0,0.0,0.0,0.0,0.0,0.0,0.0
study1,maze,mlp,,,,,val_cov_max_eig,4,4,0.0018344468262512,0.002800472560074459,0.0005224967608228001,0.00028491327248045,0.00207203031459355,0.0002803128736559,0.00458863969834055
study1,maze,mlp,,,,,val_effective_rank,4,4,1.6444192470554408,0.39213411198872383,1.7017089714214406,1.4789609133682111,1.8671673051086703,1.2958057959779077,1.9357429737669742
study1,maze,mlp,,,,,val_aliasing_rate,4,4,0.6899395288984316,0.026306991386517178,0.6874770970125493,0.6740406850700968,0.7033759408408841,0.6699486920075155,0.7118125812978754
study1,maze,spiking,,,,,epochs,4,4,3.0,0.0,3.0,3.0,3.0,3.0,3.0
study1,maze,spiking,,,,,train_samples,4,4,384.0,0.0,384.0,384.0,384.0,384.0,384.0
study1,maze,spiking,,,,,val_samples,4,4,128.0,0.0,128.0,128.0,128.0,128.0,128.0
study1,maze,spiking,,,,,train_loss,4,4,0.4801177910218636,2.557495999707599e-05,0.4801210090517998,0.48009941478570295,0.48013938528796035,0.4800961340467135,0.4801394479970137
study1,maze,spiking,,,,,train_pred_loss,4,4,9.81522676586979e-05,2.637222026009657e-05,0.00010217933110348485,8.357839449975775e-05,0.000116753204262425,7.725456066509142e-05,0.00011897586167225001
study1,maze,spiking,,,,,train_anti_collapse,4,4,16.00065497557322,0.0002064469083517899,16.000677744547524,16.000505208969116,16.00082751115163,16.000454505284626,16.00083009401957
study1,maze,spiking,,,,,train_ac_mean_norm,4,4,0.0157006941735744,0.003591126364023967,0.0162586732767522,0.013440270908176875,0.018519096542149727,0.012064610607922025,0.01864894758909935
study1,maze,spiking,,,,,train_ac_cov_trace,4,4,2.0021038835693616e-06,1.0615949995014533e-06,1.870025812422682e-06,1.153603989223484e-06,2.7185257067685598e-06,1.116136218115571e-06,2.8880715490231523e-06
study1,maze,spiking,,,,,train_ac_cov_min_eig,4,4,9.162702714615722e-12,4.694886203220161e-12,7.347680189978556e-12,6.068851801308007e-12,1.0441531103286272e-11,6.041545302232221e-12,1.3500428205914794e-11
study1,maze,spiking,,,,,train_ac_cov_max_eig,4,4,1.6594446492490533e-06,1.0505063536598857e-06,1.5052493438361125e-06,7.868554519063764e-07,2.3778385411787895e-06,7.790632707838085e-07,2.539826027714298e-06
study1,maze,spiking,,,,,train_ac_effective_rank,4,4,2.1550648457953745,0.6083251783612741,2.070528606326426,1.6803478942232295,2.5452455578985704,1.6536781943171919,2.656451497273557
study1,maze,spiking,,,,,val_pred_loss,4,4,5.160370278645132e-05,1.619347078386585e-05,4.745060869026929e-05,4.097615533282806e-05,5.8078156143892556e-05,3.984502700404846e-05,6.597493847948499e-05
study1,maze,spiking,,,,,val_cov_trace,4,4,0.00017322615167355,5.060236102779447e-05,0.00018504539912095,0.00015077874195405,0.00020749280884045,0.000129609474242875,0.0002109945999109
study1,maze,spiking,,,,,val_cov_min_eig,4,4,0.0,0.0,0.0,0.0,0.0,0.0,0.0
study1,maze,spiking,,,,,val_cov_max_eig,4,4,0.00013559096623790438,4.964567116311513e-05,0.00015106095088409998,0.00011421933959352939,0.000172432577528475,9.382652206111318e-05,0.00017252501856995
study1,maze,spiking,,,,,val_effective_rank,4,4,2.3645841910632144,0.5127345052033052,2.183076224402324,2.1113895832330076,2.4362708322325313,2.0323757093511188,2.832357761649581
study1,maze,spiking,,,,,val_aliasing_rate,4,4,0.6897823625764803,0.03826137797046811,0.6911764705882353,0.6593137254901961,0.7216451076745194,0.6568627450980392,0.7227019800549213
study1,sorting,mlp,,,,,epochs,4,4,3.0,0.0,3.0,3.0,3.0,3.0,3.0
study1,sorting,mlp,,,,,train_samples,4,4,384.0,0.0,384.0,384.0,384.0,384.0,384.0
study1,sorting,mlp,,,,,val_samples,4,4,128.0,0.0,128.0,128.0,128.0,128.0,128.0
study1,sorting,mlp,,,,,train_loss,4,4,0.4795117496202389,0.002050445337493061,0.4798202340801556,0.47879087987045443,0.4805411038299401,0.477979223554333,0.4811058727403481
study1,sorting,mlp,,,,,train_pred_loss,4,4,0.001794211772600275,0.00029109903292127835,0.00181678896478835,0.001577468302760525,0.0020335324346281002,0.0015462951171987499,0.0020421284280018
study1,sorting,mlp,,,,,train_anti_collapse,4,4,15.923918346563974,0.07132294778721858,15.94246498743693,15.9023193915685,15.964063942432404,15.864283859729769,15.972834010918934
study1,sorting,mlp,,,,,train_ac_mean_norm,4,4,0.06289585400372737,0.023362824097081476,0.0565662439912557,0.04517438728362315,0.07428771071135992,0.0449293684214353,0.08186354953795663
study1,sorting,mlp,,,,,train_ac_cov_trace,4,4,0.11703319847583768,0.11503308032506379,0.08813186362385744,0.05333348549902432,0.15183157660067081,0.036953479051589945,0.21250257454812527
study1,sorting,mlp,,,,,train_ac_cov_min_eig,4,4,7.712606242549214e-08,5.7773683178837064e-08,6.716804534789844e-08,3.0075748558289206e-08,1.1421835921510137e-07,2.9410633040072298e-08,1.2484149181091198e-07
study1,sorting,mlp,,,,,train_ac_cov_max_eig,4,4,0.11173178534954784,0.11570683572766406,0.0817861463874578,0.0470319231972098,0.14648600853979582,0.0320599433034658,0.2084096297621727
study1,sorting,mlp,,,,,train_ac_effective_rank,4,4,1.6407821478640647,0.7196119553843369,1.3841218093117806,1.2494960995572089,1.7754078576186365,1.1992508986559425,2.3470286820990847
study1,sorting,mlp,,,,,val_pred_loss,4,4,0.0016849558451212752,0.0004674879416862808,0.0016286519821733,0.0013307157496455751,0.001982892077649,0.0013010635157115502,0.0020688481745309998
study1,sorting,mlp,,,,,val_cov_trace,4,4,0.30953697115182877,0.11537188473729815,0.266702614724636,0.24381168931722635,0.33242789655923843,0.23782023787498469,0.4156383238732815
study1,sorting,mlp,,,,,val_cov_min_eig,4,4,1.0828726693112856e-08,6.2935156547343975e-09,9.069711870424157e-09,6.02743577271525e-09,1.3871002790821763e-08,5.971933281223585e-09,1.5909521255963458e-08
study1,sorting,mlp,,,,,val_cov_max_eig,4,4,0.18473972007632253,0.12372950305554929,0.13338873535394663,0.11966921761631964,0.19845923781394953,0.11292646080255501,0.30246295779943466
study1,sorting,mlp,,,,,val_effective_rank,4,4,4.40676542497833,1.1924001560828414,4.734870594925242,4.095104618603525,5.046531401300047,3.3919513459592885,5.228656558009005
study1,sorting,spiking,,,,,epochs,4,4,3.0,0.0,3.0,3.0,3.0,3.0,3.0
study1,sorting,spiking,,,,,train_samples,4,4,384.0,0.0,384.0,384.0,384.0,384.0,384.0
study1,sorting,spiking,,,,,val_samples,4,4,128.0,0.0,128.0,128.0,128.0,128.0,128.0
study1,sorting,spiking,,,,,train_loss,4,4,0.47927952495714027,0.0011071231327782211,0.47905347744623816,0.47864321991801256,0.4796897824853658,0.47849176079034805,0.4802933366348346
study1,sorting,spiking,,,,,train_pred_loss,4,4,0.0021314702292632,0.0005022967572937979,0.00229398061734775,0.002011182754358675,0.002414268092252275,0.0016466042385823998,0.00245414868307605
study1,sorting,spiking,,,,,train_anti_collapse,4,4,15.904935638109844,0.05161134314707974,15.88664480050405,15.87298027674357,15.918600161870321,15.870895226796467,15.95356220006943
study1,sorting,spiking,,,,,train_ac_mean_norm,4,4,0.07724414300173515,0.03773782788092176,0.08211628347635265,0.05722227972000833,0.10213814675807947,0.046504297293722546,0.10653200000524515
study1,sorting,spiking,,,,,train_ac_cov_trace,4,4,0.16183385206386444,0.11393807724074421,0.16785384714603419,0.08984549669548862,0.23984220251441002,0.06958498712629076,0.25408271700143814
study1,sorting,spiking,,,,,train_ac_cov_min_eig,4,4,9.246463061884924e-08,6.583217052159256e-08,8.744087409695567e-08,6.574397648506648e-08,1.1416152823073844e-07,3.627902156466689e-08,1.536739961949252e-07
study1,sorting,spiking,,,,,train_ac_cov_max_eig,4,4,0.15149002522230148,0.11024820185539709,0.15758851170539856,0.08402384817600247,0.22505468875169754,0.06313753128051755,0.2398425191640854
study1,sorting,spiking,,,,,train_ac_effective_rank,4,4,1.547116914729053,0.5196657684278658,1.3062135540736524,1.27560382991663,1.5777266388860756,1.267365735999241,2.0648237329118375
study1,sorting,spiking,,,,,val_pred_loss,4,4,0.002065176358882975,0.0006001528596633972,0.0023333757708314503,0.001979429998755175,0.00241912213095925,0.00148450522465275,0.002419681783067
study1,sorting,spiking,,,,,val_cov_trace,4,4,0.32397883385419846,0.08577666514709754,0.3471241891384125,0.30684130638837814,0.36426171660423273,0.2388951107859611,0.38591720163822174
study1,sorting,spiking,,,,,val_cov_min_eig,4,4,2.0728161631566877e-08,1.4177910972367619e-08,1.879688049655215e-08,1.4482059329523622e-08,2.5042982798595403e-08,9.207639761754649e-09,3.4179964636393834e-08
study1,sorting,spiking,,,,,val_cov_max_eig,4,4,0.18948793038725845,0.07329778496035387,0.21057832241058344,0.16504409536719314,0.23502215743064878,0.12187661603093142,0.24030560255050654
study1,sorting,spiking,,,,,val_effective_rank,4,4,4.338492637631507,1.010676240430646,4.069463001864719,3.732862544030171,4.675093095466054,3.6403020448559786,5.276253386017839
study2,maze_action,,,,,classification,train_loss,4,4,1.3783943057060242,0.004624795661177455,1.3773838877677917,1.3761045634746552,1.3796736299991608,1.3749509453773499,1.382848083972931
study2,maze_action,,,,,classification,label_fraction,4,4,0.1,0.0,0.1,0.1,0.1,0.1,0.1
study2,maze_action,,,,,classification,head_epochs,4,4,8.0,0.0,8.0,8.0,8.0,8.0,8.0
study2,maze_action,,,,,classification,train_acc,4,4,0.2763157933950424,0.015193421797376858,0.2763157933950424,0.2631579041481018,0.289473682641983,0.2631579041481018,0.289473682641983
study2,maze_action,,,,,classification,test_loss,4,4,1.3871884644031525,0.002788873661808966,1.387803316116333,1.3858080804347992,1.3891837000846865,1.3848884403705597,1.3893357515335083
study2,maze_action,,,,,classification,test_acc,4,4,0.248046875,0.033979136329947625,0.25390625,0.232421875,0.26953125,0.21875,0.2734375
study2,sorting_head,,,,,regression,label_fraction,4,4,0.1,0.0,0.1,0.1,0.1,0.1,0.1
study2,sorting_head,,,,,regression,head_epochs,4,4,8.0,0.0,8.0,8.0,8.0,8.0,8.0
study2,sorting_head,,,,,regression,train_mse,4,4,0.2632363624870777,0.02595923513823133,0.2677370011806488,0.2501590959727764,0.28081426769495005,0.24171145632863042,0.2832082659006119
study2,sorting_head,,,,,regression,test_mse,4,4,0.24961075931787485,0.02613741263267676,0.25296193361282343,0.23563726246356959,0.26693543046712875,0.2284022569656372,0.2699431926012039
study2,sorting_head,,,,,regression,test_mae,4,4,0.4020352214574814,0.02670302172487458,0.4079809635877609,0.39498287439346313,0.4150333106517792,0.3761758729815483,0.4192099869251251
study2,sorting_head,,,,,regression,exactish_rate,4,4,0.0,0.0,0.0,0.0,0.0,0.0,0.0
study3,,,euclidean_length,load_targeted,0.05,,damage_level,4,4,0.05,0.0,0.05,0.05,0.05,0.05,0.05
study3,,,euclidean_length,load_targeted,0.05,,segments,4,4,256.0,0.0,256.0,256.0,256.0,256.0,256.0
study3,,,euclidean_length,load_targeted,0.05,,active_segments,4,4,128.0,8.205689083394114,129.5,124.5,133.0,120.75,134.0
study3,,,euclidean_length,load_targeted,0.05,,total_length,4,4,39.89200132478078,0.5318026045618927,39.83566083429982,39.43909094742984,40.28857121165076,39.43853168134963,40.34547096821193
study3,,,euclidean_length,load_targeted,0.05,,tube_area,4,4,7.999869782319822,0.18814051642479537,7.99322131175707,7.853643191587057,8.139447902489833,7.8404556109801735,8.159283953659468
study3,,,euclidean_length,load_targeted,0.05,,junction_area,4,4,1.681721674793843,0.07576203218777972,1.6553296692186072,1.6422441371170555,1.6948072068953948,1.6331135421845393,1.750452468585066
study3,,,euclidean_length,load_targeted,0.05,,surface,4,4,9.681591457113665,0.25218706303942934,9.636012292189044,9.48334863991748,9.834255109385229,9.476430403703914,9.886752510523415
study3,,,euclidean_length,load_targeted,0.05,,delivered_traffic,4,4,41.81322415365235,3.5237607557154225,40.5724081170532,39.62434779812911,42.76128447257644,39.48095529631973,45.127367640836155
study3,,,euclidean_length,load_targeted,0.05,,normalized_surface,4,4,0.23236417043408095,0.013084813691885534,0.2375237951022505,0.23054905370286907,0.23933891183346237,0.21939595025122421,0.2401727659487681
study3,,,euclidean_length,load_targeted,0.05,,gate_entropy,4,4,0.5272955509138664,0.011752968906178178,0.5274481920347894,0.518056416056698,0.5366873268919576,0.5172296165477902,0.5373614852799424
study3,,,euclidean_length,load_targeted,0.05,,load_gini,4,4,0.5552548655273358,0.01866728225660273,0.5554897298799839,0.5447293036058627,0.5660152918014569,0.5405310670087702,0.5697437996932535
study3,,,euclidean_length,load_targeted,0.05,,surface_degradation,4,4,0.05661326596295425,0.00810977703140924,0.05303902798054535,0.05253113104774983,0.05712116289574977,0.0520425642783734,0.064758205629944
study3,,,euclidean_length,load_targeted,0.05,,traffic_degradation,4,4,18.713834738690583,3.041428809013131,18.82630983162003,16.230522682344258,21.309621887966355,16.0879532696947,21.339716207686465
study3,,,euclidean_length,load_targeted,0.1,,damage_level,4,4,0.1,0.0,0.1,0.1,0.1,0.1,0.1
study3,,,euclidean_length,load_targeted,0.1,,segments,4,4,256.0,0.0,256.0,256.0,256.0,256.0,256.0
study3,,,euclidean_length,load_targeted,0.1,,active_segments,4,4,115.0,8.205689083394114,116.5,111.5,120.0,107.75,121.0
study3,,,euclidean_length,load_targeted,0.1,,total_length,4,4,37.77026544450155,0.5488515608730131,37.74333347147649,37.3007237215702,38.21287519440784,37.29696212038294,38.24356876862015
study3,,,euclidean_length,load_targeted,0.1,,tube_area,4,4,7.392132060950997,0.20671369440461998,7.381282020888799,7.231167535516744,7.542246546323052,7.217548367881129,7.566715754020865
study3,,,euclidean_length,load_targeted,0.1,,junction_area,4,4,1.4824987629674884,0.08233822783032109,1.455743830564157,1.4256307748400872,1.5126118186915583,1.4238077219691636,1.5537997349425707
study3,,,euclidean_length,load_targeted,0.1,,surface,4,4,8.874630823918487,0.28360396698236495,8.83337974571111,8.653152204614985,9.05485836501461,8.641356089850294,9.107905557986678
study3,,,euclidean_length,load_targeted,0.1,,delivered_traffic,4,4,32.37939091707257,3.4675937703834236,31.48422045600465,30.036824669390455,33.826786703686764,29.829572236753478,35.41156081410795
study3,,,euclidean_length,load_targeted,0.1,,normalized_surface,4,4,0.27566989039616324,0.019795109488163275,0.2807902300732914,0.26834185056953047,0.2881182698999242,0.2577211883411729,0.2897358710148913
study3,,,euclidean_length,load_targeted,0.1,,gate_entropy,4,4,0.4937665238645973,0.011772311104379055,0.4938727490436259,0.4847180934619793,0.5029211794462439,0.4837408868074709,0.5037921609217237
study3,,,euclidean_length,load_targeted,0.1,,load_gini,4,4,0.5405999600050003,0.01224561595389608,0.5425104151738195,0.5368684640710603,0.5462419111077595,0.5289650676467257,0.5503243971944558
study3,,,euclidean_length,load_targeted,0.1,,surface_degradation,4,4,0.09991898592503654,0.013374921916900777,0.09755352300817166,0.08972991572579181,0.10774259320741637,0.0891451706885405,0.11069280116153254
study3,,,euclidean_length,load_targeted,0.1,,traffic_degradation,4,4,28.147667975270362,3.2951727376960616,28.19255406588717,25.442889079007738,30.897332962149793,25.164832505789153,30.99147515814228
study3,,,euclidean_length,load_targeted,0.15,,damage_level,4,4,0.15,0.0,0.15,0.15,0.15,0.15,0.15
study3,,,euclidean_length,load_targeted,0.15,,segments,4,4,256.0,0.0,256.0,256.0,256.0,256.0,256.0
study3,,,euclidean_length,load_targeted,0.15,,active_segments,4,4,103.0,8.205689083394114,104.5,99.5,108.0,95.75,109.0
study3,,,euclidean_length,load_targeted,0.15,,total_length,4,4,35.701748343488475,0.5629215409614455,35.6768415693988,35.234968732702164,36.14362118018511,35.218362142377586,36.18513454459935
study3,,,euclidean_length,load_targeted,0.15,,tube_area,4,4,6.847845127514008,0.19445628944845547,6.836628015838315,6.681683014841226,7.002790128511098,6.680383934835236,7.0153063201927806
study3,,,euclidean_length,load_targeted,0.15,,junction_area,4,4,1.344392546306242,0.07488447302612361,1.322443609766542,1.2939298678218152,1.3729062882509688,1.29054640618814,1.4076224828085178
study3,,,euclidean_length,load_targeted,0.15,,surface,4,4,8.192237673820252,0.2630229887294103,8.159071625604858,7.975612882663041,8.375696416762066,7.970930341023376,8.413545006617124
study3,,,euclidean_length,load_targeted,0.15,,delivered_traffic,4,4,26.421289132389134,2.992897289070261,25.578909721733307,24.20423348041762,27.795965373704817,24.156542636836818,28.912613183310633
study3,,,euclidean_length,load_targeted,0.15,,normalized_surface,4,4,0.31212177326711277,0.024282983049775813,0.31908758735863335,0.30207814723687376,0.3291312133888724,0.2910550950905532,0.32997650818023194
study3,,,euclidean_length,load_targeted,0.15,,gate_entropy,4,4,0.46270634430089036,0.011960317176511557,0.46287264529061195,0.4536089971901477,0.4719699924013546,0.4525393939963878,0.4728732946053929
study3,,,euclidean_length,load_targeted,0.15,,load_gini,4,4,0.5405105412727755,0.014899597449779277,0.5399826778536494,0.5302833792072115,0.5502098399192134,0.5283732533500024,0.5526478291955486
study3,,,euclidean_length,load_targeted,0.15,,surface_degradation,4,4,0.13637086879598603,0.018084247595365623,0.13430626764629866,0.12346621239313514,0.14721092404914954,0.1218082992650989,0.1509334383268732
study3,,,euclidean_length,load_targeted,0.15,,traffic_degradation,4,4,34.1057697599538,3.7381506218805955,33.865583665803825,30.912936067989378,37.05841735776825,30.867160629125486,37.32149117135017
study3,,,euclidean_length,none,0.0,,damage_level,4,4,0.0,0.0,0.0,0.0,0.0,0.0,0.0
study3,,,euclidean_length,none,0.0,,segments,4,4,256.0,0.0,256.0,256.0,256.0,256.0,256.0
study3,,,euclidean_length,none,0.0,,active_segments,4,4,141.0,8.205689083394114,142.5,137.5,146.0,133.75,147.0
study3,,,euclidean_length,none,0.0,,total_length,4,4,41.759768533093535,0.6018926758283021,41.76844760569419,41.32180442013851,42.206411718649214,41.25418586669136,42.26535119949571
study3,,,euclidean_length,none,0.0,,tube_area,4,4,8.606294532987677,0.21294463389936324,8.584421771600521,8.429573128758108,8.761143175830092,8.425618817198181,8.786970248777173
study3,,,euclidean_length,none,0.0,,junction_area,4,4,1.9768257989931415,0.08494620465115271,1.9447883811207698,1.9301091759422238,1.9915050041716875,1.9253171149216564,2.0602203898785763
study3,,,euclidean_length,none,0.0,,surface,4,4,10.583120331980819,0.2795769918008425,10.521301529601441,10.366604397817449,10.737817463764813,10.360823076277818,10.805417587683824
study3,,,euclidean_length,none,0.0,,delivered_traffic,4,4,60.527058892342936,5.750276227389309,59.39871794867324,57.06187220614543,62.863904634870735,56.373576383129134,65.67290320848697
study3,,,euclidean_length,none,0.0,,normalized_surface,4,4,0.1757509044711267,0.013078825038054099,0.17733629115688734,0.1674686756811959,0.18561851994681816,0.16502989964719955,0.18647190929505386
study3,,,euclidean_length,none,0.0,,gate_entropy,4,4,0.5597507285210871,0.012135786553981842,0.5592597674785589,0.5493087931368078,0.5697017028628382,0.5492679339506756,0.5702335230914986
study3,,,euclidean_length,none,0.0,,load_gini,4,4,0.6096822694400401,0.0225011803034984,0.6113249543362834,0.6021261276542806,0.618881096122043,0.5888333482269873,0.6288885057568498
study3,,,euclidean_length,spatial,0.05,,damage_level,4,4,0.05,0.0,0.05,0.05,0.05,0.05,0.05
study3,,,euclidean_length,spatial,0.05,,segments,4,4,256.0,0.0,256.0,256.0,256.0,256.0,256.0
study3,,,euclidean_length,spatial,0.05,,active_segments,4,4,130.5,8.34665601703261,131.5,126.0,136.0,123.75,137.0
study3,,,euclidean_length,spatial,0.05,,total_length,4,4,39.595036365045715,0.6148245330849275,39.64291601204399,39.186849945247666,40.05110243184204,39.08696051265669,40.103112217434735
study3,,,euclidean_length,spatial,0.05,,tube_area,4,4,8.131992033479035,0.21719068386410897,8.124933257137563,7.965753904392952,8.291171386223645,7.948627839601631,8.315356227356437
study3,,,euclidean_length,spatial,0.05,,junction_area,4,4,1.889375867782242,0.08330905773499829,1.8647283467352538,1.8385485618843567,1.915555652633139,1.8324510842863964,1.967004496296568
study3,,,euclidean_length,spatial,0.05,,surface,4,4,10.021367901261277,0.27552468149195675,9.95738434142396,9.802148664707858,10.17660357797738,9.801161231140965,10.241574571381587
study3,,,euclidean_length,spatial,0.05,,delivered_traffic,4,4,56.288514279000914,5.904654885645086,55.18844658996926,52.84981239745122,58.62714847151897,52.06059868809823,61.616497558935265
study3,,,euclidean_length,spatial,0.05,,normalized_surface,4,4,0.17917584691237226,0.01495097733880006,0.18061257564806735,0.16985789025711392,0.18993053230332568,0.16702362598519765,0.19132806783954687
study3,,,euclidean_length,spatial,0.05,,gate_entropy,4,4,0.5284807434004353,0.012291992872280838,0.528431295638667,0.5184694682929145,0.5384425707461876,0.5179018149022152,0.5390596718986553
study3,,,euclidean_length,spatial,0.05,,load_gini,4,4,0.6347902292860903,0.023240820738155046,0.6345011851052517,0.6261619660557731,0.643129448335569,0.6131726339983405,0.6557745922442977
study3,,,euclidean_length,spatial,0.05,,surface_degradation,4,4,0.003424942441245525,0.001984403041944589,0.00327628449117995,0.002389214575917975,0.0043120123565075,0.0018440289387491502,0.0051545138938074745
study3,,,euclidean_length,spatial,0.05,,traffic_degradation,4,4,4.238544613342015,0.20572034430834069,4.21027135870397,4.096764089494375,4.35205188255161,4.076584869523039,4.402292807151241
study3,,,euclidean_length,spatial,0.1,,damage_level,4,4,0.1,0.0,0.1,0.1,0.1,0.1,0.1
study3,,,euclidean_length,spatial,0.1,,segments,4,4,256.0,0.0,256.0,256.0,256.0,256.0,256.0
study3,,,euclidean_length,spatial,0.1,,active_segments,4,4,125.25,7.762087348130012,126.5,121.75,130.0,118.5,131.0
study3,,,euclidean_length,spatial,0.1,,total_length,4,4,37.450887214159906,0.5383670624420045,37.46620785805272,37.004172879007676,37.91292219320495,36.98542716766772,37.916347260652095
study3,,,euclidean_length,spatial,0.1,,tube_area,4,4,7.735197410802121,0.1669483005100118,7.748858223633511,7.6280795561986885,7.855976078236944,7.598585928538059,7.871808893066184
study3,,,euclidean_length,spatial,0.1,,junction_area,4,4,1.8653123389426902,0.054021674425963964,1.86534835274621,1.8285154608522518,1.9021452308366484,1.8209978196154306,1.9096268582699496
study3,,,euclidean_length,spatial,0.1,,surface,4,4,9.600509749744813,0.20398995038708576,9.614206576379722,9.500567893036646,9.714148433087887,9.428214999143135,9.759107673711577
study3,,,euclidean_length,spatial,0.1,,delivered_traffic,4,4,55.2594080309282,4.051161956658728,55.79097948536996,52.97944357675238,58.07094393954578,52.053047953237765,58.46576810861863
study3,,,euclidean_length,spatial,0.1,,normalized_surface,4,4,0.17428624467462012,0.010238142936722774,0.17268039872146834,0.1657991535214089,0.18116748987467954,0.1657389607831851,0.18283352856605511
study3,,,euclidean_length,spatial,0.1,,gate_entropy,4,4,0.501902502996801,0.009780850172272607,0.5032817346647678,0.4954435787347624,0.5097406589268062,0.4937767977545729,0.5100282082390288
study3,,,euclidean_length,spatial,0.1,,load_gini,4,4,0.6531953493001157,0.015738193796257665,0.6581260314493494,0.6505112676451152,0.6608101131043498,0.6370481616906551,0.6639702493468402
study3,,,euclidean_length,spatial,0.1,,surface_degradation,4,4,-0.0014646597965065748,0.0049713244983912025,-0.0031509792255868503,-0.0045325771601606255,-8.306186193280003e-05,-0.00477627791186655,0.0029643291564997506
study3,,,euclidean_length,spatial,0.1,,traffic_degradation,4,4,5.267650861414738,2.595772474814195,4.320528429891375,3.726033646099,5.862145645207114,3.6077384633032743,7.636585890551242
study3,,,euclidean_length,spatial,0.15,,damage_level,4,4,0.15,0.0,0.15,0.15,0.15,0.15,0.15
study3,,,euclidean_length,spatial,0.15,,segments,4,4,256.0,0.0,256.0,256.0,256.0,256.0,256.0
study3,,,euclidean_length,spatial,0.15,,active_segments,4,4,120.5,6.557438524302,120.0,118.25,122.25,114.75,126.75
study3,,,euclidean_length,spatial,0.15,,total_length,4,4,35.636865042468905,0.42651309279244903,35.650736977835905,35.285652833421345,36.001949186883465,35.2683385259169,36.00539155902091
study3,,,euclidean_length,spatial,0.15,,tube_area,4,4,7.359177589347575,0.19243802525930156,7.298905883858888,7.222210449330201,7.435873023876262,7.218919717771437,7.5230048149274396
study3,,,euclidean_length,spatial,0.15,,junction_area,4,4,1.7982148255739931,0.12999373433730332,1.7567983800307123,1.7240175530069675,1.830995652597738,1.7137832363026289,1.9127896052289355
study3,,,euclidean_length,spatial,0.15,,surface,4,4,9.157392414921569,0.3072781919841026,9.035235630480923,8.990282084520617,9.202345960881875,8.975718097802151,9.446028736860717
study3,,,euclidean_length,spatial,0.15,,delivered_traffic,4,4,52.3803612720326,7.31862563755556,49.84943362205592,48.20253680676949,54.02725808731903,47.25249519249172,58.978196190337485
study3,,,euclidean_length,spatial,0.15,,normalized_surface,4,4,0.17665332820599192,0.017796339817096458,0.18016987679677646,0.16963013579537256,0.18719306920739584,0.16280355911886324,0.19159983680772907
study3,,,euclidean_length,spatial,0.15,,gate_entropy,4,4,0.47821668938969925,0.010641398069928608,0.47510855046861966,0.47016788764453044,0.4831573522137885,0.4701391072766879,0.4869464691956668
study3,,,euclidean_length,spatial,0.15,,load_gini,4,4,0.6675475488293915,0.01717675116660225,0.6701462843410637,0.662284015705001,0.6754098174654543,0.6512452719869416,0.6812510901601692
study3,,,euclidean_length,spatial,0.15,,surface_degradation,4,4,0.0009024237348652503,0.007686235961608342,0.0011268069434178,-0.004312254177393875,0.006341484855676925,-0.00543550577049185,0.00724035324022235
study3,,,euclidean_length,spatial,0.15,,traffic_degradation,4,4,8.146697620310338,2.7772645840190875,8.172692680584724,6.056748211456879,10.262642089438183,5.794069299725589,10.499325940895087
study3,,,euclidean_length,uniform,0.05,,damage_level,4,4,0.05,0.0,0.05,0.05,0.05,0.05,0.05
study3,,,euclidean_length,uniform,0.05,,segments,4,4,256.0,0.0,256.0,256.0,256.0,256.0,256.0
study3,,,euclidean_length,uniform,0.05,,active_segments,4,4,134.25,8.421203397773187,134.5,130.0,138.75,127.25,141.0
study3,,,euclidean_length,uniform,0.05,,total_length,4,4,39.60672787685901,0.6067671518699633,39.61833681212853,39.189814680613964,40.03525000837358,39.105435484129806,40.108020269588216
study3,,,euclidean_length,uniform,0.05,,tube_area,4,4,8.185762897237662,0.2087848415465764,8.169696847135679,8.017946367730236,8.337513376643106,8.008924666552424,8.362601127922897
study3,,,euclidean_length,uniform,0.05,,junction_area,4,4,1.9348013622453721,0.08650160639961016,1.9047217312350169,1.886632217426705,1.9528908760536843,1.8806245550791696,2.019024537039077
study3,,,euclidean_length,uniform,0.05,,surface,4,4,10.120564259483032,0.2756472081890754,10.056375176015074,9.904657959992484,10.272281475505624,9.901631073092371,10.339497445873697
study3,,,euclidean_length,uniform,0.05,,delivered_traffic,4,4,58.592863544162824,5.800019553312186,57.46787320174004,55.02766871598105,61.03306802992182,54.36031573626178,63.73132892118607
study3,,,euclidean_length,uniform,0.05,,normalized_surface,4,4,0.17370260852490516,0.013600299570632988,0.1752378440570695,0.16486234699048175,0.18407810559149296,0.16248020306542565,0.1849250139843847
study3,,,euclidean_length,uniform,0.05,,gate_entropy,4,4,0.531446830759681,0.01196923006378877,0.5315901356640149,0.521406521819823,0.5416304446038729,0.5210934195849057,0.5418002419344563
study3,,,euclidean_length,uniform,0.05,,load_gini,4,4,0.6313308544742373,0.022687748035461888,0.6320523338525189,0.6243487141466475,0.6390344741801087,0.6102820871137269,0.6516581424564662
study3,,,euclidean_length,uniform,0.05,,surface_degradation,4,4,-0.0020482959462214253,0.0005864025857408954,-0.0019981447926251,-0.0024930644728335502,-0.001553376266012975,-0.0025496965817738,-0.0015404143553251252
study3,,,euclidean_length,uniform,0.05,,traffic_degradation,4,4,1.9341953481801042,0.1052544201627694,1.9375459494270153,1.879423494036791,1.9923178035703282,1.8477511103720585,2.0342034901643817
study3,,,euclidean_length,uniform,0.1,,damage_level,4,4,0.1,0.0,0.1,0.1,0.1,0.1,0.1
study3,,,euclidean_length,uniform,0.1,,segments,4,4,256.0,0.0,256.0,256.0,256.0,256.0,256.0
study3,,,euclidean_length,uniform,0.1,,active_segments,4,4,128.0,6.831300510639732,129.0,125.0,132.0,122.0,133.0
study3,,,euclidean_length,uniform,0.1,,total_length,4,4,37.52812582684081,0.5159053289844537,37.53045600320388,37.1953059832622,37.86327584678249,37.11236025598406,37.943891397697556
study3,,,euclidean_length,uniform,0.1,,tube_area,4,4,7.75924468650841,0.17731498609356514,7.73943252562331,7.616640269535499,7.882036942596221,7.61042256058698,7.908066812429839
study3,,,euclidean_length,uniform,0.1,,junction_area,4,4,1.87549073319401,0.07442168432664503,1.8472053674125029,1.8290880941925776,1.8936080064139356,1.8253658439920515,1.943911789017382
study3,,,euclidean_length,uniform,0.1,,surface,4,4,9.63473541970242,0.23131544186613767,9.57048022493825,9.459538293110796,9.745677351529872,9.457627927999484,9.82349268792277
study3,,,euclidean_length,uniform,0.1,,delivered_traffic,4,4,55.82039663487687,5.268251360331017,54.682370827530896,51.83374733527483,58.66902012713294,51.659643853393646,59.9811494163601
study3,,,euclidean_length,uniform,0.1,,normalized_surface,4,4,0.17353910248969845,0.01369324805192407,0.1746005767811818,0.16342784087908252,0.18471183839179772,0.16189819333168837,0.1856481849036194
study3,,,euclidean_length,uniform,0.1,,gate_entropy,4,4,0.5037493706499883,0.009708358117885365,0.5038669535626443,0.49592629380460496,0.5116900304080276,0.4953956446287664,0.51210309667121
study3,,,euclidean_length,uniform,0.1,,load_gini,4,4,0.6512101653515969,0.02111724123120164,0.6513888251853959,0.6426171598589145,0.6599818306780783,0.6326101922109743,0.6696314786584205
study3,,,euclidean_length,uniform,0.1,,surface_degradation,4,4,-0.002211801981428175,0.002826613669516796,-0.0026242360989724997,-0.0041887579639075,-0.000647280116493175,-0.0044424930721768,2.966495680122494e-05
study3,,,euclidean_length,uniform,0.1,,traffic_degradation,4,4,4.706662257466064,1.1763763421890927,4.699391985196634,3.6891697345755383,5.71688450808716,3.687962438872116,5.725362076060012
study3,,,euclidean_length,uniform,0.15,,damage_level,4,4,0.15,0.0,0.15,0.15,0.15,0.15,0.15
study3,,,euclidean_length,uniform,0.15,,segments,4,4,256.0,0.0,256.0,256.0,256.0,256.0,256.0
study3,,,euclidean_length,uniform,0.15,,active_segments,4,4,123.5,9.255628917943215,125.5,118.0,131.0,116.0,131.0
study3,,,euclidean_length,uniform,0.15,,total_length,4,4,35.61964334830584,0.6782564267072678,35.62563520109987,35.08003812398372,36.165240425422,35.037606268029094,36.20168042858259
study3,,,euclidean_length,uniform,0.15,,tube_area,4,4,7.359610955808785,0.2510453352983676,7.352786323149266,7.156603272797499,7.555794006160552,7.144526005468869,7.574695906148701
study3,,,euclidean_length,uniform,0.15,,junction_area,4,4,1.807572613819642,0.08742332168427851,1.7920827533035404,1.767395944015901,1.8322594231072815,1.7390717415870087,1.891563346568377
study3,,,euclidean_length,uniform,0.15,,surface,4,4,9.167183569628428,0.32755100032967754,9.144869076452807,8.9239992168134,9.388053429267833,8.895654906655686,9.43871223260117
study3,,,euclidean_length,uniform,0.15,,delivered_traffic,4,4,52.57183637030502,5.9577629948547255,52.274969203509706,50.59952511808493,54.24728045572981,47.25768688662709,58.18285302077828
study3,,,euclidean_length,uniform,0.15,,normalized_surface,4,4,0.175594021047209,0.014746904362718201,0.1749380743794764,0.16808105127507025,0.18245104415161517,0.1636046394434747,0.18823934931867597
study3,,,euclidean_length,uniform,0.15,,gate_entropy,4,4,0.4790769940708756,0.013693732210687868,0.4794087254736811,0.46806546045299685,0.49042025909155984,0.4672861703967805,0.4908678177449707
study3,,,euclidean_length,uniform,0.15,,load_gini,4,4,0.6656006495614079,0.017337909960829973,0.6677885356972502,0.6580363646826808,0.6753528205759771,0.6503339524089289,0.6786794605780444
study3,,,euclidean_length,uniform,0.15,,surface_degradation,4,4,-0.00015688342391762504,0.004983302250972911,-0.00011081772564869991,-0.0027009038905760003,0.0024332027410096753,-0.0042651096228151,0.0039052770767109253
study3,,,euclidean_length,uniform,0.15,,traffic_degradation,4,4,7.955222522037904,1.7283253727869907,8.46456966936351,7.490050187708679,8.929742003692734,6.3012837732861176,9.099814123464084
study3,,,full_surface,load_targeted,0.05,,damage_level,4,4,0.05,0.0,0.05,0.05,0.05,0.05,0.05
study3,,,full_surface,load_targeted,0.05,,segments,4,4,256.0,0.0,256.0,256.0,256.0,256.0,256.0
study3,,,full_surface,load_targeted,0.05,,active_segments,4,4,243.0,0.0,243.0,243.0,243.0,243.0,243.0
study3,,,full_surface,load_targeted,0.05,,total_length,4,4,81.95842468590321,3.415210718842668,81.47528238450488,79.33831400487405,84.09539306553404,79.16246804583247,84.75438132597395
study3,,,full_surface,load_targeted,0.05,,tube_area,4,4,26.14913263761429,0.9987703934566217,25.924160064128902,25.3847007886042,26.688591913138993,25.360174747121622,26.93809052810696
study3,,,full_surface,load_targeted,0.05,,junction_area,4,4,4.261228630826535,0.061968031460011064,4.249833988813469,4.210274446008754,4.3007881736312505,4.210112453354425,4.312344808298646
study3,,,full_surface,load_targeted,0.05,,surface,4,4,30.410361268440827,1.0036154422290344,30.196783336968505,29.688903456495048,30.918241148914284,29.63312200526988,31.230910699685122
study3,,,full_surface,load_targeted,0.05,,delivered_traffic,4,4,254.46746234592302,4.362906962686223,253.99830234344273,251.8741578860675,256.59160680329825,251.19446388244035,257.74046080940576
study3,,,full_surface,load_targeted,0.05,,normalized_surface,4,4,0.11953893086549845,0.004659810564086949,0.1197842959448684,0.11626556221401177,0.12305766459635509,0.11563898882700155,0.12343887290399536
study3,,,full_surface,load_targeted,0.05,,gate_entropy,4,4,0.6433127824370655,0.0009891073352584752,0.6434693494261678,0.6427792043610038,0.6440029275022295,0.6425370285815952,0.6440885362925357
study3,,,full_surface,load_targeted,0.05,,load_gini,4,4,0.3278340978179109,0.009525501589629762,0.33101237932721395,0.3266951405551842,0.3321513365899406,0.3181585465155897,0.3332413521004348
study3,,,full_surface,load_targeted,0.05,,surface_degradation,4,4,0.0051531342699542,0.002648535471616007,0.00565484715822785,0.00355585833269655,0.0072521230954855,0.0029998151096755,0.0073064534302329
study3,,,full_surface,load_targeted,0.05,,traffic_degradation,4,4,47.08731718400205,6.1814800773582865,46.74972991316662,44.086080434182776,49.750966662985896,41.99708648053377,52.515135158305775
study3,,,full_surface,load_targeted,0.1,,damage_level,4,4,0.1,0.0,0.1,0.1,0.1,0.1,0.1
study3,,,full_surface,load_targeted,0.1,,segments,4,4,256.0,0.0,256.0,256.0,256.0,256.0,256.0
study3,,,full_surface,load_targeted,0.1,,active_segments,4,4,230.0,0.0,230.0,230.0,230.0,230.0,230.0
study3,,,full_surface,load_targeted,0.1,,total_length,4,4,74.86280952078816,3.3294876619983897,74.60170338544594,72.59844167150641,76.8660712347277,72.19623622759387,77.52938281398244
study3,,,full_surface,load_targeted,0.1,,tube_area,4,4,23.328190944250473,0.9041012433664407,23.15937314396866,22.69249141767207,23.79507267054706,22.625849139721396,24.065873102839067
study3,,,full_surface,load_targeted,0.1,,junction_area,4,4,3.983978202088071,0.046479872671345054,3.974583298804946,3.948275205984512,4.010286294908506,3.9468210770538175,4.021135327122326
study3,,,full_surface,load_targeted,0.1,,surface,4,4,27.312169146338544,0.8975943049479063,27.106194221022477,26.665496766745967,27.752866600615057,26.622130502953986,28.052883383588885
study3,,,full_surface,load_targeted,0.1,,delivered_traffic,4,4,221.72572205233678,4.515281534736596,220.88132209115972,219.1684460612093,223.4385980822872,218.45147533501546,225.21500523436757
study3,,,full_surface,load_targeted,0.1,,normalized_surface,4,4,0.12325840868759759,0.005972094025460245,0.12345503675934905,0.11936066292106,0.12735278252588664,0.11839207155055109,0.1281247458246441
study3,,,full_surface,load_targeted,0.1,,gate_entropy,4,4,0.6119010223104036,0.001005498468510626,0.6123431978701229,0.6118078407987073,0.6124363793818193,0.6109294282656947,0.6124634808281005
study3,,,full_surface,load_targeted,0.1,,load_gini,4,4,0.33730456883809323,0.009832508917111177,0.3358064165806226,0.3307991089165426,0.34231187650217326,0.3286833664308339,0.34486790000249823
study3,,,full_surface,load_targeted,0.1,,surface_degradation,4,4,0.00887261209205335,0.0031387130113305134,0.00864155200571115,0.007343410209144075,0.010170753888620425,0.0063103453949578,0.0116659388754911
study3,,,full_surface,load_targeted,0.1,,traffic_degradation,4,4,79.8290574775883,8.23318917503843,79.11623024805608,76.1493749779805,82.79591274766388,72.9834195209227,87.38752266378609
study3,,,full_surface,load_targeted,0.15,,damage_level,4,4,0.15,0.0,0.15,0.15,0.15,0.15,0.15
study3,,,full_surface,load_targeted,0.15,,segments,4,4,256.0,0.0,256.0,256.0,256.0,256.0,256.0
study3,,,full_surface,load_targeted,0.15,,active_segments,4,4,218.0,0.0,218.0,218.0,218.0,218.0,218.0
study3,,,full_surface,load_targeted,0.15,,total_length,4,4,69.09396043204373,2.8765061118510604,68.92338707980625,66.87097669846449,71.14637081338549,66.6737575308185,71.51416333326895
study3,,,full_surface,load_targeted,0.15,,tube_area,4,4,21.155118704395107,0.7589463809057415,21.03555256968553,20.52985770057196,21.660813573508683,20.5227966936991,21.787440715091122
study3,,,full_surface,load_targeted,0.15,,junction_area,4,4,3.75035281741859,0.053071058828631966,3.758761011497186,3.728249125633346,3.7808647032824307,3.7030206344902603,3.788650282833837
study3,,,full_surface,load_targeted,0.15,,surface,4,4,24.905471521813702,0.7440368053242239,24.763375179279805,24.305012493094566,25.36383420799894,24.297128864299097,25.5138141793283
study3,,,full_surface,load_targeted,0.15,,delivered_traffic,4,4,197.14249012673267,3.6423513160977423,196.96631299319648,195.07406380764363,199.03473931228552,194.3190469103551,199.89137304184774
study3,,,full_surface,load_targeted,0.15,,normalized_surface,4,4,0.12640188158131854,0.0056689977463399484,0.1265712660816429,0.12204142220848385,0.1309317254544776,0.12155991720416609,0.131243845958471
study3,,,full_surface,load_targeted,0.15,,gate_entropy,4,4,0.5812612017811041,0.000950196468884527,0.5817090541748097,0.5811970276205357,0.581773228335378,0.5803260994752227,0.5817781019608352
study3,,,full_surface,load_targeted,0.15,,load_gini,4,4,0.3541382095422634,0.008435733192632052,0.3526459017247695,0.3483549177578408,0.3584291935091921,0.3468945053115463,0.3606517075498332
study3,,,full_surface,load_targeted,0.15,,surface_degradation,4,4,0.012016084985774276,0.003243902768574214,0.0127319540603873,0.0109209177319685,0.013827121314193076,0.008991104682381651,0.014325196214553875
study3,,,full_surface,load_targeted,0.15,,traffic_degradation,4,4,104.4122894031924,8.424996839201976,104.36768500130103,100.28180340264083,108.49817100185258,97.3872782909244,111.48190491735176
study3,,,full_surface,none,0.0,,damage_level,4,4,0.0,0.0,0.0,0.0,0.0,0.0,0.0
study3,,,full_surface,none,0.0,,segments,4,4,256.0,0.0,256.0,256.0,256.0,256.0,256.0
study3,,,full_surface,none,0.0,,active_segments,4,4,256.0,0.0,256.0,256.0,256.0,256.0,256.0
study3,,,full_surface,none,0.0,,total_length,4,4,90.43380417305366,4.260184494674258,90.65278718933703,87.80005156544496,93.28653979694575,87.01090804090325,93.85670030520407
study3,,,full_surface,none,0.0,,tube_area,4,4,29.859071101081167,1.419752288567924,29.79083630582292,28.919824486595463,30.730082920308625,28.722242803700933,30.995899398461397
study3,,,full_surface,none,0.0,,junction_area,4,4,4.620079667213163,0.09771152821775546,4.621179867553076,4.54130035426088,4.69995918050536,4.536000986994141,4.704158347432187
study3,,,full_surface,none,0.0,,surface,4,4,34.47915076829433,1.4380468254185126,34.32683729281706,33.487816179335596,35.3181718817758,33.33282393672053,35.62547759986813
study3,,,full_surface,none,0.0,,delivered_traffic,4,4,301.5547795299251,8.942619298739402,301.68635226157005,294.60085031299604,308.64028147849916,293.9122168393668,309.1973422204835
study3,,,full_surface,none,0.0,,normalized_surface,4,4,0.11438579659554425,0.0050137837696784425,0.11589529117846839,0.1130503175261022,0.11723077024791044,0.11003217565243155,0.11767536507627269
study3,,,full_surface,none,0.0,,gate_entropy,4,4,0.6713198150901759,0.0022237290213929883,0.67107510456449,0.6697504581924545,0.6726444614622115,0.6695339154703249,0.6731057147100269
study3,,,full_surface,none,0.0,,load_gini,4,4,0.3395833536113509,0.018793404708125034,0.3436450882022619,0.3340677572269954,0.3491606845866174,0.3216293480319011,0.3534756245998897
study3,,,full_surface,spatial,0.05,,damage_level,4,4,0.05,0.0,0.05,0.05,0.05,0.05,0.05
study3,,,full_surface,spatial,0.05,,segments,4,4,256.0,0.0,256.0,256.0,256.0,256.0,256.0
study3,,,full_surface,spatial,0.05,,active_segments,4,4,243.0,0.0,243.0,243.0,243.0,243.0,243.0
study3,,,full_surface,spatial,0.05,,total_length,4,4,87.43693488612978,4.214286563959087,87.71791028828547,84.78643228953055,90.36841288488469,84.0201232408519,90.85374653140767
study3,,,full_surface,spatial,0.05,,tube_area,4,4,28.984559608816255,1.4203830265694493,28.930320277005762,28.03365740205021,29.881222483771808,27.838722881757295,30.130396335875215
study3,,,full_surface,spatial,0.05,,junction_area,4,4,4.532504461666306,0.10056897855906055,4.530521816594501,4.4523088616998505,4.610717416560956,4.44650034779696,4.618508575535652
study3,,,full_surface,spatial,0.05,,surface,4,4,33.51706407048256,1.44358728424238,33.37682062480272,32.510551456440155,34.383333238845125,32.357627670546016,34.67650047041911
study3,,,full_surface,spatial,0.05,,delivered_traffic,4,4,292.22424621971425,9.160366181111955,292.01816790632495,285.0362550670559,299.2061590589833,284.42393721552077,300.02455522390767
study3,,,full_surface,spatial,0.05,,normalized_surface,4,4,0.1147481043041228,0.005158279466340439,0.1161164255870678,0.11335719510545568,0.11750733478573493,0.11039815988395274,0.11834162561131217
study3,,,full_surface,spatial,0.05,,gate_entropy,4,4,0.6364998693916982,0.0021115700737066568,0.6362970931068339,0.635106537620499,0.6376904248780331,0.6348389974654025,0.6381695500923356
study3,,,full_surface,spatial,0.05,,load_gini,4,4,0.3731307899267549,0.017432780420853472,0.3766541757860194,0.3687255741497813,0.381059391562993,0.3561585941869131,0.3865795998073323
study3,,,full_surface,spatial,0.05,,surface_degradation,4,4,0.000362307708578525,0.0002921151276274634,0.00028074753773055,0.000198680889919125,0.00044437435638995,0.0001651978024109,0.000640977785594125
study3,,,full_surface,spatial,0.05,,traffic_degradation,4,4,9.330533310210868,0.48045041975659464,9.488279623845983,9.164265322417224,9.654547611639629,8.89781483003027,9.668184355245046
study3,,,full_surface,spatial,0.1,,damage_level,4,4,0.1,0.0,0.1,0.1,0.1,0.1,0.1
study3,,,full_surface,spatial,0.1,,segments,4,4,256.0,0.0,256.0,256.0,256.0,256.0,256.0
study3,,,full_surface,spatial,0.1,,active_segments,4,4,230.0,0.0,230.0,230.0,230.0,230.0,230.0
study3,,,full_surface,spatial,0.1,,total_length,4,4,81.29799186832082,3.2303797981235127,79.91768920963334,79.31020832065745,81.9054727572967,79.30341337567504,84.37932499263978
study3,,,full_surface,spatial,0.1,,tube_area,4,4,26.881552599460402,1.3099025135680435,26.564081533501113,26.245769510538473,27.199864622423043,25.92000018281327,28.160576082066825
study3,,,full_surface,spatial,0.1,,junction_area,4,4,4.3581157011291705,0.16234923406775031,4.399317793369217,4.2763261662519465,4.481107328246441,4.227496031101258,4.484035615490124
study3,,,full_surface,spatial,0.1,,surface,4,4,31.23966830058957,1.4311931100308886,30.96339932687033,30.640387548240728,31.562680079219174,30.108065590097755,32.64753998480063
study3,,,full_surface,spatial,0.1,,delivered_traffic,4,4,271.9548876068447,18.811783457368055,277.68515382515443,264.7741863685251,284.8658550634741,255.3128981566664,285.5022976212337
study3,,,full_surface,spatial,0.1,,normalized_surface,4,4,0.11509981820159378,0.005647469638851747,0.11562811343361734,0.11272643744857427,0.11800149418663684,0.11108842261179075,0.11958910282202698
study3,,,full_surface,spatial,0.1,,gate_entropy,4,4,0.6033797655004458,0.004142901605516058,0.6024906865380635,0.6004199723297179,0.6054504797087914,0.6001825677821437,0.6067867918983185
study3,,,full_surface,spatial,0.1,,load_gini,4,4,0.4076349554752549,0.02194381558063108,0.40821017565862827,0.3946412687184771,0.4212038624154061,0.3903811454609897,0.42488876548952015
study3,,,full_surface,spatial,0.1,,surface_degradation,4,4,0.000714021606049525,0.0014631575832404033,0.00036497140415465,-8.078929126115e-05,0.0011597823014653252,-0.00045356619844085,0.0021009734915218
study3,,,full_surface,spatial,0.1,,traffic_degradation,4,4,29.599891923080378,13.52882506312665,23.738052973125747,21.37255056057589,31.965394335630236,21.35104637363787,42.56008149660961
study3,,,full_surface,spatial,0.15,,damage_level,4,4,0.15,0.0,0.15,0.15,0.15,0.15,0.15
study3,,,full_surface,spatial,0.15,,segments,4,4,256.0,0.0,256.0,256.0,256.0,256.0,256.0
study3,,,full_surface,spatial,0.15,,active_segments,4,4,218.0,0.0,218.0,218.0,218.0,218.0,218.0
study3,,,full_surface,spatial,0.15,,total_length,4,4,76.09575879717563,5.490789335516863,78.5884963206502,75.58504170859244,79.09921340923339,70.67686760649713,79.1704364490085
study3,,,full_surface,spatial,0.15,,tube_area,4,4,24.967861382364617,2.0227528901559784,25.897749118673186,24.883408208713917,25.982202292323883,22.93667756962831,26.06915745879235
study3,,,full_surface,spatial,0.15,,junction_area,4,4,4.1690072142039485,0.09036398175979923,4.168344104047712,4.112457496341829,4.224893821909832,4.097216973197102,4.240797455210795
study3,,,full_surface,spatial,0.15,,surface,4,4,29.13686859656856,2.0947410465448053,30.066093222720895,28.995865705055742,30.207096114233714,27.03897706196126,30.30553550502353
study3,,,full_surface,spatial,0.15,,delivered_traffic,4,4,251.1437749613896,9.948777713314316,254.34225619778567,247.71355239431824,257.77247876485706,242.5014817447176,258.4794380453159
study3,,,full_surface,spatial,0.15,,normalized_surface,4,4,0.11591122870606932,0.004309985639751154,0.11728874496388335,0.1147581899895546,0.11844178368039807,0.1121173549392446,0.11874999827569094
study3,,,full_surface,spatial,0.15,,gate_entropy,4,4,0.5724987330053702,0.0022586590919297374,0.572442727072845,0.571592985469586,0.5733484746086291,0.5705246524998995,0.574528819443366
study3,,,full_surface,spatial,0.15,,load_gini,4,4,0.4340496073312612,0.016906456774336207,0.43162207289715676,0.4252654828821021,0.44040619734631586,0.4210054802362691,0.44952126886035776
study3,,,full_surface,spatial,0.15,,surface_degradation,4,4,0.0015254321105250498,0.0007159622203212718,0.0013934537854149499,0.001211013432487625,0.001707872463452375,0.00096128302627785,0.002085179286812975
study3,,,full_surface,spatial,0.15,,traffic_degradation,4,4,50.4110045685355,15.822990958272387,48.45821754775298,41.44348593840181,57.42573617788668,38.49964029987838,61.959007775948805
study3,,,full_surface,uniform,0.05,,damage_level,4,4,0.05,0.0,0.05,0.05,0.05,0.05,0.05
study3,,,full_surface,uniform,0.05,,segments,4,4,256.0,0.0,256.0,256.0,256.0,256.0,256.0
study3,,,full_surface,uniform,0.05,,active_segments,4,4,243.0,0.0,243.0,243.0,243.0,243.0,243.0
study3,,,full_surface,uniform,0.05,,total_length,4,4,85.79661141389562,4.207892908400623,85.86996615671862,82.86240438417204,88.80417318644221,82.30514222983211,89.28808059795912
study3,,,full_surface,uniform,0.05,,tube_area,4,4,28.37589648107166,1.4407719890609243,28.243085774588714,27.27589903755149,29.34308321810888,27.179001411542796,29.572791550600524
study3,,,full_surface,uniform,0.05,,junction_area,4,4,4.49240336386374,0.10550966360928253,4.496143154154767,4.415451391038592,4.573095126979916,4.403403929280358,4.581402798447122
study3,,,full_surface,uniform,0.05,,surface,4,4,32.8682998449354,1.4765456793292586,32.646489703869065,31.701577655752587,33.81321189305188,31.651049642181096,34.08555004768971
study3,,,full_surface,uniform,0.05,,delivered_traffic,4,4,287.6635260350381,10.142174140946056,288.7405773139643,281.06802741871695,295.3360759302854,279.3002836220079,296.02676844806825
study3,,,full_surface,uniform,0.05,,normalized_surface,4,4,0.11431192724484122,0.005027691073317917,0.11579102712888865,0.11312594985588631,0.11697700451784358,0.10995533773982705,0.11772635089410255
study3,,,full_surface,uniform,0.05,,gate_entropy,4,4,0.6370485145444598,0.002360331554032178,0.6364869327727843,0.6352911041358067,0.6382443431814375,0.6352162695387258,0.6389566788990019
study3,,,full_surface,uniform,0.05,,load_gini,4,4,0.3729558910754054,0.01693425876727535,0.379127274142826,0.36877624214366367,0.3833069230745677,0.35689123900118047,0.3839597476639729
study3,,,full_surface,uniform,0.05,,surface_degradation,4,4,-7.386935070297962e-05,0.00020782543245177724,-4.347465182625923e-05,-0.000169177112536725,5.183311000748615e-05,-0.0002537657300668046,8.041435028489077e-05
study3,,,full_surface,uniform,0.05,,traffic_degradation,4,4,13.891253494887053,1.9609699450844338,13.170573772415224,12.7909108084135,14.270916458888777,12.678511396008702,15.803442952843568
study3,,,full_surface,uniform,0.1,,damage_level,4,4,0.1,0.0,0.1,0.1,0.1,0.1,0.1
study3,,,full_surface,uniform,0.1,,segments,4,4,256.0,0.0,256.0,256.0,256.0,256.0,256.0
study3,,,full_surface,uniform,0.1,,active_segments,4,4,230.0,0.0,230.0,230.0,230.0,230.0,230.0
study3,,,full_surface,uniform,0.1,,total_length,4,4,80.98197951237005,3.230012720642495,81.42394712640007,79.27191146116436,83.13401517760573,78.35105996023837,83.49079529699326
study3,,,full_surface,uniform,0.1,,tube_area,4,4,26.762986326400586,1.0287927656556808,26.761639989082283,26.16292513736258,27.361701178120285,25.96523188291208,27.56074076988909
study3,,,full_surface,uniform,0.1,,junction_area,4,4,4.358890824786751,0.08055611290823907,4.3509420008994155,4.290532758201045,4.419300067485121,4.290135262251928,4.427646387321573
study3,,,full_surface,uniform,0.1,,surface,4,4,31.121877151187334,1.0188915958117248,31.051775251334206,30.49220758472382,31.681444817797725,30.332866523484398,31.940217437297335
study3,,,full_surface,uniform,0.1,,delivered_traffic,4,4,271.80911137013794,8.312256640563824,271.8279770223379,264.8781367238452,278.7589516686307,264.6267886299669,278.991434110309
study3,,,full_surface,uniform,0.1,,normalized_surface,4,4,0.11457465266721438,0.004924746679739257,0.11613387319920135,0.11388785890537753,0.11682066696103821,0.11020873080195845,0.11798407661405902
study3,,,full_surface,uniform,0.1,,gate_entropy,4,4,0.6028134805190022,0.001910295355618206,0.6028544110896361,0.6012197730509922,0.6044481185576462,0.6011613645438564,0.604465596494148
study3,,,full_surface,uniform,0.1,,load_gini,4,4,0.4067602134728506,0.01845955613258943,0.4095623357496927,0.39843273347502955,0.4178898157475137,0.39069632049278197,0.42040817911850326
study3,,,full_surface,uniform,0.1,,surface_degradation,4,4,0.0001888560716701394,0.000664075918011245,0.00013913012260732886,-9.384771644530671e-05,0.000421833910722775,-0.00037267825995265,0.0008001163523557394
study3,,,full_surface,uniform,0.1,,traffic_degradation,4,4,29.745668159787144,1.5667438405204812,29.393410355875403,28.57283066961135,30.566247846051198,28.518839596373567,30.995451293837107
study3,,,full_surface,uniform,0.15,,damage_level,4,4,0.15,0.0,0.15,0.15,0.15,0.15,0.15
study3,,,full_surface,uniform,0.15,,segments,4,4,256.0,0.0,256.0,256.0,256.0,256.0,256.0
study3,,,full_surface,uniform,0.15,,active_segments,4,4,218.0,0.0,218.0,218.0,218.0,218.0,218.0
study3,,,full_surface,uniform,0.15,,total_length,4,4,76.15313193613939,4.477503744745624,75.92983305648092,73.06727950899368,79.01568548362663,72.5160366079649,79.79022726431387
study3,,,full_surface,uniform,0.15,,tube_area,4,4,25.09491725615265,1.4689664000250076,24.84980816279583,24.03669398065696,25.908031438291527,23.932151064813795,26.25768344749151
study3,,,full_surface,uniform,0.15,,junction_area,4,4,4.1803220966861865,0.11166391510851707,4.193132677675919,4.100277589044923,4.273177185317183,4.085829838673789,4.274814354698584
study3,,,full_surface,uniform,0.15,,surface,4,4,29.275239352838838,1.500777666067846,28.93563800146962,28.148916907470944,30.061960446837517,28.09966258051025,30.47093841997835
study3,,,full_surface,uniform,0.15,,delivered_traffic,4,4,253.65669902428507,8.828813839448665,253.42115011967803,246.1199431599411,260.957905984022,246.02608156521532,261.2873164833548
study3,,,full_surface,uniform,0.15,,normalized_surface,4,4,0.11548638803279085,0.006342571427628849,0.1171736275272903,0.1126195327577128,0.12004048280236834,0.11034787893720335,0.12026088444840141
study3,,,full_surface,uniform,0.15,,gate_entropy,4,4,0.5720325870781583,0.0018986755443074223,0.5720871703558965,0.5705607530001139,0.5735590044339409,0.5704083524037094,0.5736568217526072
study3,,,full_surface,uniform,0.15,,load_gini,4,4,0.43703182586431133,0.016639984135772633,0.44131868718144673,0.43018533306051077,0.44816517998524724,0.42240667632424883,0.44921645218680384
study3,,,full_surface,uniform,0.15,,surface_degradation,4,4,0.001100591437246625,0.001754936284317605,0.0009228465256713001,-0.00033788822688149997,0.002361326189799425,-0.0003843364976354,0.0025855193721286505
study3,,,full_surface,uniform,0.15,,traffic_degradation,4,4,47.89808050564004,1.9309418344147418,47.88613527415143,46.27512966670471,49.50908611308677,46.229114195967924,49.56704681531215
study3,,,sparsity,load_targeted,0.05,,damage_level,4,4,0.05,0.0,0.05,0.05,0.05,0.05,0.05
study3,,,sparsity,load_targeted,0.05,,segments,4,4,256.0,0.0,256.0,256.0,256.0,256.0,256.0
study3,,,sparsity,load_targeted,0.05,,active_segments,4,4,143.25,7.932002689527196,145.0,139.0,149.25,137.0,149.5
study3,,,sparsity,load_targeted,0.05,,total_length,4,4,49.853741516565854,1.4313403195868837,49.889517675713705,49.24198046726351,50.50127872501604,48.60190399571748,51.06980287826638
study3,,,sparsity,load_targeted,0.05,,tube_area,4,4,10.53287528931649,0.358241263846158,10.533434292796528,10.400515721556,10.66579386055702,10.212092683749244,10.8530988914037
study3,,,sparsity,load_targeted,0.05,,junction_area,4,4,1.7957654892403412,0.05568875162564781,1.8066898671811673,1.7610964428233924,1.8413589135981163,1.7501093170939699,1.8414216613867125
study3,,,sparsity,load_targeted,0.05,,surface,4,4,12.328640778556831,0.392460484481379,12.318149908518851,12.139637912920549,12.507152774155136,12.001479401616237,12.66629302553541
study3,,,sparsity,load_targeted,0.05,,delivered_traffic,4,4,47.49494466559008,2.8301877353054423,47.544990182493976,45.614503406287774,49.425431441796285,45.183130385422174,50.18808644971969
study3,,,sparsity,load_targeted,0.05,,normalized_surface,4,4,0.26005478792618647,0.012608065364869588,0.2594700610183749,0.2546167341202329,0.2649081148243284,0.24929624218290547,0.27139806057727894
study3,,,sparsity,load_targeted,0.05,,gate_entropy,4,4,0.5215470919147167,0.009465792742556595,0.5229026421123295,0.5164826987061607,0.5279670353208856,0.5138885028994079,0.5289331521272077
study3,,,sparsity,load_targeted,0.05,,load_gini,4,4,0.5622975566118416,0.022755168180751843,0.5721296567404773,0.5595633759416258,0.5748638374106931,0.5398866057894485,0.5754157015026987
study3,,,sparsity,load_targeted,0.05,,surface_degradation,4,4,0.04553800204433385,0.003953714092707951,0.044411887156842106,0.043363760780105925,0.04658612842107003,0.04286473712260433,0.04933738185355513
study3,,,sparsity,load_targeted,0.05,,traffic_degradation,4,4,18.925979095679583,1.7979555521270298,18.511074573471948,18.172635606271776,19.264418062879756,17.854610367532015,20.72007072054434
study3,,,sparsity,load_targeted,0.1,,damage_level,4,4,0.1,0.0,0.1,0.1,0.1,0.1,0.1
study3,,,sparsity,load_targeted,0.1,,segments,4,4,256.0,0.0,256.0,256.0,256.0,256.0,256.0
study3,,,sparsity,load_targeted,0.1,,active_segments,4,4,130.25,7.932002689527196,132.0,126.0,136.25,124.0,136.5
study3,,,sparsity,load_targeted,0.1,,total_length,4,4,45.147763296464575,1.1628922577990306,44.81899100294966,44.26287836939489,45.70387593001934,44.258042460810444,46.09545397173291
study3,,,sparsity,load_targeted,0.1,,tube_area,4,4,9.206762853523067,0.26167548540529306,9.115460213485592,9.032297693004445,9.289925374004213,9.02658206147464,9.4452384726631
study3,,,sparsity,load_targeted,0.1,,junction_area,4,4,1.596909820938356,0.0536770019286781,1.612650411507147,1.5811081065373396,1.6284521259081632,1.5462484930573521,1.6329638417253287
study3,,,sparsity,load_targeted,0.1,,surface,4,4,10.80367267446142,0.28169965063254326,10.676316013636976,10.639303105219668,10.840685582878729,10.639232472981785,11.07706903091367
study3,,,sparsity,load_targeted,0.1,,delivered_traffic,4,4,37.44112930497562,2.260620548834328,38.15667915484303,36.649296941290544,38.94851151852811,35.40127425885364,39.11878285016379
study3,,,sparsity,load_targeted,0.1,,normalized_surface,4,4,0.2892687333022387,0.017337646803330786,0.28643780285972886,0.28091623501778457,0.2947903011441829,0.2757287067160704,0.3056396903309167
study3,,,sparsity,load_targeted,0.1,,gate_entropy,4,4,0.4881741293369512,0.008993214615128555,0.48958439524593367,0.4832168020717867,0.49454172251109824,0.48104454919710465,0.49527387638681797
study3,,,sparsity,load_targeted,0.1,,load_gini,4,4,0.5592159226823016,0.019707424241215705,0.562131756538636,0.5521410753355839,0.5692066038853537,0.5410047080320031,0.5745113034762657
study3,,,sparsity,load_targeted,0.1,,surface_degradation,4,4,0.07475194742038604,0.009050104977448917,0.07137962899819605,0.06966326167765757,0.07646831474092453,0.06917356420479455,0.08357901160719285
study3,,,sparsity,load_targeted,0.1,,traffic_degradation,4,4,28.979794456294055,2.890751750455103,28.638010590762214,27.907087653598953,29.710717393457315,27.209543055809327,31.789374320100244
study3,,,sparsity,load_targeted,0.15,,damage_level,4,4,0.15,0.0,0.15,0.15,0.15,0.15,0.15
study3,,,sparsity,load_targeted,0.15,,segments,4,4,256.0,0.0,256.0,256.0,256.0,256.0,256.0
study3,,,sparsity,load_targeted,0.15,,active_segments,4,4,118.25,7.932002689527196,120.0,114.0,124.25,112.0,124.5
study3,,,sparsity,load_targeted,0.15,,total_length,4,4,41.31235574992065,0.7728842884246349,41.20073889711196,40.76709318658678,41.746001460445825,40.69992959202385,41.92478190781744
study3,,,sparsity,load_targeted,0.15,,tube_area,4,4,8.207033591730532,0.15677675717920525,8.161951984148825,8.097282076818429,8.27170349906093,8.091839708648266,8.34313768098455
study3,,,sparsity,load_targeted,0.15,,junction_area,4,4,1.4470782095055332,0.04522475441794501,1.462770454836144,1.435936817774481,1.4739118465671963,1.403889271388481,1.4764053472033183
study3,,,sparsity,load_targeted,0.15,,surface,4,4,9.654111801236064,0.1685696051536297,9.579703055956575,9.555728586107108,9.678086271085531,9.55461016348441,9.817712583276522
study3,,,sparsity,load_targeted,0.15,,delivered_traffic,4,4,30.72138248260783,1.9850459421394302,31.479661960288276,30.398189409299924,31.80285503359618,28.76676635755298,32.02402354002818
study3,,,sparsity,load_targeted,0.15,,normalized_surface,4,4,0.31524001398372653,0.02112988053429057,0.309089299200039,0.3035545418312976,0.3207747713524679,0.301077501174962,0.33555324157617855
study3,,,sparsity,load_targeted,0.15,,gate_entropy,4,4,0.4571358406161159,0.008542057594557851,0.4580311248218826,0.45195789525207997,0.4632090701859185,0.4502434785181696,0.46402820271406225
study3,,,sparsity,load_targeted,0.15,,load_gini,4,4,0.5664766639652409,0.019432655862699502,0.5669677014378147,0.5559910280981203,0.5774533373049353,0.5507855218880475,0.5816767685698604
study3,,,sparsity,load_targeted,0.15,,surface_degradation,4,4,0.10072322810187392,0.01348739135002213,0.09521484469836419,0.0934852878510286,0.10245278494920952,0.09289342817109959,0.11408442253238367
study3,,,sparsity,load_targeted,0.15,,traffic_degradation,4,4,35.69954127866184,3.2538306266614287,35.451384215739346,34.294551616011944,36.856373878389235,33.52882880301113,38.88413363023585
study3,,,sparsity,none,0.0,,damage_level,4,4,0.0,0.0,0.0,0.0,0.0,0.0,0.0
study3,,,sparsity,none,0.0,,segments,4,4,256.0,0.0,256.0,256.0,256.0,256.0,256.0
study3,,,sparsity,none,0.0,,active_segments,4,4,156.25,7.932002689527196,158.0,152.0,162.25,150.0,162.5
study3,,,sparsity,none,0.0,,total_length,4,4,54.687126874853845,1.5972223837146347,55.00364225158098,54.22169617604825,55.469072950386575,53.15866493157843,55.89907344140214
study3,,,sparsity,none,0.0,,tube_area,4,4,12.131949789414662,0.4682528799689108,12.274609012990208,11.922973135027606,12.483585667377266,11.742031809994366,12.483733940811497
study3,,,sparsity,none,0.0,,junction_area,4,4,2.092323258219694,0.05098661757096278,2.0885167158210076,2.0560226021561614,2.1248173718845402,2.0507433977963037,2.1429888654016285
study3,,,sparsity,none,0.0,,surface,4,4,14.224273047634357,0.5146651615425687,14.363125728811216,13.978995737183766,14.608403039261805,13.81018920484185,14.626722806213127
study3,,,sparsity,none,0.0,,delivered_traffic,4,4,66.42092376126966,4.298578444535304,65.399600550026,63.16129539931024,68.65922891198542,63.05815448141461,70.90815717026403
study3,,,sparsity,none,0.0,,normalized_surface,4,4,0.21451678588185252,0.008880052849855635,0.21505817386153275,0.21125297334012688,0.21832198640325837,0.20643150506030106,0.22206067872372376
study3,,,sparsity,none,0.0,,gate_entropy,4,4,0.553443917883563,0.010070759710595255,0.5538852723310875,0.547371226443016,0.5599579637716345,0.5454365081727552,0.5614513275943707
study3,,,sparsity,none,0.0,,load_gini,4,4,0.602016175362875,0.02015971048711128,0.6098015522284433,0.5985133199999024,0.613304407591416,0.5832543535841699,0.6142641678354707
study3,,,sparsity,spatial,0.05,,damage_level,4,4,0.05,0.0,0.05,0.05,0.05,0.05,0.05
study3,,,sparsity,spatial,0.05,,segments,4,4,256.0,0.0,256.0,256.0,256.0,256.0,256.0
study3,,,sparsity,spatial,0.05,,active_segments,4,4,148.25,6.18465843842649,150.0,145.25,153.0,143.25,153.0
study3,,,sparsity,spatial,0.05,,total_length,4,4,52.46346574219738,1.3548516061439688,52.75068127223267,52.06111366692169,53.153033347508355,51.171072380593486,53.46864357376599
study3,,,sparsity,spatial,0.05,,tube_area,4,4,11.636423314733593,0.3828752649734076,11.76509876169418,11.524485348813425,11.87703672761435,11.27940565555786,11.89451584053214
study3,,,sparsity,spatial,0.05,,junction_area,4,4,2.024566460381013,0.033368249640828254,2.024141715011082,2.0053897701437555,2.043318405248339,1.9989338077246717,2.057079820826368
study3,,,sparsity,spatial,0.05,,surface,4,4,13.660989775114606,0.4119944535283821,13.80300189228329,13.529875118957179,13.93411654844072,13.284912199876585,13.944714953569495
study3,,,sparsity,spatial,0.05,,delivered_traffic,4,4,62.7963452985055,3.3134330920297073,61.73827147343418,60.615715726348355,63.918901045591326,60.48185394667608,66.30277225507851
study3,,,sparsity,spatial,0.05,,normalized_surface,4,4,0.21783655587069814,0.009160601322294612,0.21891261444992577,0.21295700518135594,0.22379216513926797,0.21037940252968865,0.22493826947442125
study3,,,sparsity,spatial,0.05,,gate_entropy,4,4,0.5251718418258385,0.009002152829753331,0.526030464221457,0.5210818351644972,0.5301204708827983,0.5173514509428793,0.531743727987219
study3,,,sparsity,spatial,0.05,,load_gini,4,4,0.6241194391078475,0.019634897452860678,0.627508067593921,0.61533519277635,0.6362923139254184,0.6093927633287246,0.6386638443529032
study3,,,sparsity,spatial,0.05,,surface_degradation,4,4,0.0033197699888455746,0.002240276176241976,0.0027850993892981997,0.002156971908756275,0.0039478974693875,0.0017040318412289252,0.0054701787360096
study3,,,sparsity,spatial,0.05,,traffic_degradation,4,4,3.624578462764166,1.216486173163113,3.5878278489365236,2.607021396515161,4.605384915185528,2.5763005347385217,4.672856390789811
study3,,,sparsity,spatial,0.1,,damage_level,4,4,0.1,0.0,0.1,0.1,0.1,0.1,0.1
study3,,,sparsity,spatial,0.1,,segments,4,4,256.0,0.0,256.0,256.0,256.0,256.0,256.0
study3,,,sparsity,spatial,0.1,,active_segments,4,4,138.75,8.180260794538684,140.0,133.5,145.25,132.0,145.5
study3,,,sparsity,spatial,0.1,,total_length,4,4,49.1680896653243,1.134369736004866,49.27899437653183,48.31545331257166,50.131630729284474,48.199504640100955,50.14171865181085
study3,,,sparsity,spatial,0.1,,tube_area,4,4,10.92238952074379,0.4059033865753805,10.904399735014657,10.617346545441794,11.209442710316653,10.582469569218077,11.315176234222355
study3,,,sparsity,spatial,0.1,,junction_area,4,4,1.9765334439655335,0.05677304696624198,1.9828720452467237,1.9483197475606753,2.011085741651582,1.9335984609824446,2.0278511122456626
study3,,,sparsity,spatial,0.1,,surface,4,4,12.898922964709325,0.4604358309261881,12.88727178026138,12.565666293002469,13.220528451968235,12.51606803020052,13.343027346468018
study3,,,sparsity,spatial,0.1,,delivered_traffic,4,4,60.5849871272629,4.487404051034971,59.67256894081436,57.479025125269175,62.77853094280809,57.14965167569699,65.26211421484953
study3,,,sparsity,spatial,0.1,,normalized_surface,4,4,0.21335724647936946,0.008261328164317922,0.2160348658278879,0.2107722598034201,0.21861985250383725,0.20462824242180588,0.2190142418461259
study3,,,sparsity,spatial,0.1,,gate_entropy,4,4,0.4968446466197469,0.01045646855030864,0.4970481003965227,0.4906613802570141,0.5032313667592555,0.48864297921482325,0.5050463140246705
study3,,,sparsity,spatial,0.1,,load_gini,4,4,0.6454367253144991,0.024224684302085246,0.6561250412513345,0.6442431857316518,0.6573185808341818,0.6219839093771271,0.659187501496554
study3,,,sparsity,spatial,0.1,,surface_degradation,4,4,-0.0011595394024830747,0.005158508311536566,-0.0019786679164967,-0.00338241924220075,0.0002442119232209752,-0.0053128955036011,0.0027600044429476256
study3,,,sparsity,spatial,0.1,,traffic_degradation,4,4,5.835936634006767,0.736600020952991,5.763370462295917,5.407405104095304,6.191901992207381,5.282111922101176,6.385778508356005
study3,,,sparsity,spatial,0.15,,damage_level,4,4,0.15,0.0,0.15,0.15,0.15,0.15,0.15
study3,,,sparsity,spatial,0.15,,segments,4,4,256.0,0.0,256.0,256.0,256.0,256.0,256.0
study3,,,sparsity,spatial,0.15,,active_segments,4,4,133.0,7.0710678118654755,133.5,130.0,136.5,126.75,138.75
study3,,,sparsity,spatial,0.15,,total_length,4,4,46.170778780832094,1.9490306004874856,46.60543197161432,45.334868769388535,47.441341983057875,44.63233666695055,47.77624961851825
study3,,,sparsity,spatial,0.15,,tube_area,4,4,10.246161020505662,0.5273511069147674,10.264715741976076,9.93580872045493,10.575068042026807,9.83139779436669,10.746780451262461
study3,,,sparsity,spatial,0.15,,junction_area,4,4,1.8925530941458732,0.04792283642045123,1.9053442545720842,1.8691445162297202,1.9287528324882375,1.8535959447627355,1.9294210483172933
study3,,,sparsity,spatial,0.15,,surface,4,4,12.138714114651536,0.5597964853174764,12.144477675695736,11.778034484174118,12.505157306173157,11.687082934341145,12.675533283750699
study3,,,sparsity,spatial,0.15,,delivered_traffic,4,4,56.45876223654301,3.2672669913252395,56.545413526273215,54.963994961946554,58.04018080086967,53.652697261474444,59.54848380751761
study3,,,sparsity,spatial,0.15,,normalized_surface,4,4,0.21522840645346716,0.008580088976159106,0.21420879449600833,0.2102505755700703,0.21918662537940523,0.2088898143445635,0.22264864289512085
study3,,,sparsity,spatial,0.15,,gate_entropy,4,4,0.47059890546364225,0.008520139906620277,0.47028954393115363,0.46433391092345866,0.47655453847133716,0.4634979576315176,0.4776998532957669
study3,,,sparsity,spatial,0.15,,load_gini,4,4,0.6647847831002116,0.013540830251368638,0.6702173922419042,0.6619905200853278,0.6730116552567882,0.6518392778798545,0.6732849174286002
study3,,,sparsity,spatial,0.15,,surface_degradation,4,4,0.0007116205716145997,0.006640021147534823,0.00109677272258115,-0.00146919829341275,0.0032775915876085,-0.003723920221070225,0.006478560585491575
study3,,,sparsity,spatial,0.15,,traffic_degradation,4,4,9.962161524726659,1.7954353928243494,10.32951077406987,9.551461254526597,10.740211044269934,8.527225418794291,11.359673362746422
study3,,,sparsity,uniform,0.05,,damage_level,4,4,0.05,0.0,0.05,0.05,0.05,0.05,0.05
study3,,,sparsity,uniform,0.05,,segments,4,4,256.0,0.0,256.0,256.0,256.0,256.0,256.0
study3,,,sparsity,uniform,0.05,,active_segments,4,4,148.5,6.027713773341708,148.5,144.25,152.75,143.5,153.5
study3,,,sparsity,uniform,0.05,,total_length,4,4,51.69525881459484,1.8373934731140147,52.150317769383165,50.85007336595317,52.99550321802482,50.14279604693829,53.08340407152845
study3,,,sparsity,uniform,0.05,,tube_area,4,4,11.481016290114137,0.48345007302412346,11.634144073839952,11.358776927417516,11.756383436536574,11.01678844186838,11.795124476314903
study3,,,sparsity,uniform,0.05,,junction_area,4,4,2.03215388091387,0.03902002289735686,2.0445120156475323,2.020813752077549,2.055852144483853,1.9954858737982608,2.0583648137759027
study3,,,sparsity,uniform,0.05,,surface,4,4,13.513170171028008,0.5205500051176877,13.678656089487484,13.39283186881147,13.79899439170402,13.007860585894505,13.852993837702034
study3,,,sparsity,uniform,0.05,,delivered_traffic,4,4,63.04418191230815,2.8537306995634952,63.30751574243841,61.24514482528984,65.10655282945672,60.717775360832306,65.63462409811126
study3,,,sparsity,uniform,0.05,,normalized_surface,4,4,0.21446515596020388,0.006631210534913078,0.21438894663711316,0.21200241492997446,0.21685168766734259,0.20855863933528843,0.22044788190821002
study3,,,sparsity,uniform,0.05,,gate_entropy,4,4,0.5252670677112181,0.007499544869628266,0.524453738787334,0.5192802801128499,0.5304405263857022,0.5189802977217436,0.5315538377006925
study3,,,sparsity,uniform,0.05,,load_gini,4,4,0.6204234803179589,0.015404369945294472,0.626749097497333,0.6183217509793038,0.6288508268359883,0.6058266899817589,0.6294472877080711
study3,,,sparsity,uniform,0.05,,surface_degradation,4,4,-5.1629921648636346e-05,0.002356351067078974,-0.0006692272244195725,-0.0014702987359157252,0.0007494415898475162,-0.00168751227005415,0.002127134274987375
study3,,,sparsity,uniform,0.05,,traffic_degradation,4,4,3.3767418489615206,2.113388678135322,3.1468237365026397,2.2890252797564816,4.234540305707679,1.7098687382291384,5.273533072152784
study3,,,sparsity,uniform,0.1,,damage_level,4,4,0.1,0.0,0.1,0.1,0.1,0.1,0.1
study3,,,sparsity,uniform,0.1,,segments,4,4,256.0,0.0,256.0,256.0,256.0,256.0,256.0
study3,,,sparsity,uniform,0.1,,active_segments,4,4,140.75,6.4485140407177015,141.5,136.75,145.5,135.5,146.0
study3,,,sparsity,uniform,0.1,,total_length,4,4,49.41155598418545,1.4104776632976237,50.0298506067074,49.31044432394449,50.130962266948366,48.04877748600741,50.23180683096656
study3,,,sparsity,uniform,0.1,,tube_area,4,4,10.992222074008957,0.43987911824366144,11.103041180606445,10.91726272050875,11.178000534106651,10.62368477988937,11.323893073005998
study3,,,sparsity,uniform,0.1,,junction_area,4,4,1.9880766931870173,0.06086477825726685,1.9890630184327054,1.9696608282359451,2.0074788833837776,1.949825437386193,2.043573113828994
study3,,,sparsity,uniform,0.1,,surface,4,4,12.980298767195976,0.4987094960085849,13.092104199039152,12.886923548744699,13.185479417490429,12.57351021727556,13.36746618683499
study3,,,sparsity,uniform,0.1,,delivered_traffic,4,4,60.98810779963314,4.098910384850711,60.277181131391806,58.76349777132876,62.50179115969619,58.12894180619185,65.19275642645268
study3,,,sparsity,uniform,0.1,,normalized_surface,4,4,0.2131745745053994,0.007732061692819166,0.21502941920454754,0.2111529228314345,0.21705107087851244,0.2052286693854951,0.21880845010108385
study3,,,sparsity,uniform,0.1,,gate_entropy,4,4,0.49833638491328824,0.009691572238738616,0.49779344706070716,0.49099827984430966,0.5051315521296857,0.49022542383767415,0.5064473459889024
study3,,,sparsity,uniform,0.1,,load_gini,4,4,0.6410087186941169,0.019427027058462158,0.6494388698241501,0.6400423143689385,0.6504052741493285,0.6213618820464148,0.6522254042117859
study3,,,sparsity,uniform,0.1,,surface_degradation,4,4,-0.0013422113764531248,0.0026573250553179667,-0.0014881229206448999,-0.002642469999960875,-0.00018786429713715,-0.0035247279293980746,0.0005418198346927002
study3,,,sparsity,uniform,0.1,,traffic_degradation,4,4,5.432815961636527,1.3855001556552968,5.936419248050292,4.9842414069687315,6.384993802718088,4.184978246000298,6.391531348908008
study3,,,sparsity,uniform,0.15,,damage_level,4,4,0.15,0.0,0.15,0.15,0.15,0.15,0.15
study3,,,sparsity,uniform,0.15,,segments,4,4,256.0,0.0,256.0,256.0,256.0,256.0,256.0
study3,,,sparsity,uniform,0.15,,active_segments,4,4,134.25,5.315072906367325,134.5,131.0,137.75,130.0,138.5
study3,,,sparsity,uniform,0.15,,total_length,4,4,46.4425284195558,2.047762904768565,46.61300483491303,45.45614398575111,47.59938926871772,44.700019334491394,48.014561089262976
study3,,,sparsity,uniform,0.15,,tube_area,4,4,10.278861605134015,0.4343715385946064,10.332596281299182,10.169318826238916,10.442139060194279,9.858714176463762,10.645274357639103
study3,,,sparsity,uniform,0.15,,junction_area,4,4,1.8939864661115828,0.03209571131658634,1.8914948993379603,1.8752199409664567,1.9102614244830864,1.8697172540229003,1.9261566909337777
study3,,,sparsity,uniform,0.15,,surface,4,4,12.172848071245598,0.44423031842851335,12.229074314184388,12.043196790509151,12.358725594920834,11.749557210998102,12.539912688554306
study3,,,sparsity,uniform,0.15,,delivered_traffic,4,4,56.3901744917014,3.273907200793681,55.752132907456456,54.706251640772024,57.436055758385834,53.93850310897332,59.744690258988456
study3,,,sparsity,uniform,0.15,,normalized_surface,4,4,0.21632619744808446,0.013092517022841595,0.21725824726629026,0.20759384686424714,0.22599059785012757,0.20550328876714985,0.22714910612901906
study3,,,sparsity,uniform,0.15,,gate_entropy,4,4,0.4721948963945742,0.0076875245671074776,0.4740029597341937,0.468289348974814,0.4779085071539539,0.4659818168319836,0.4781661788233424
study3,,,sparsity,uniform,0.15,,load_gini,4,4,0.6573391190792203,0.011850886978502728,0.661288608701224,0.6557992281976275,0.6628284995828169,0.6466922533070886,0.6653551226209002
study3,,,sparsity,uniform,0.15,,surface_degradation,4,4,0.0018094115662319,0.005931680961443617,0.0014187497277063001,-0.0024609878376513246,0.005689149131589525,-0.00306005715676555,0.00667888028922935
study3,,,sparsity,uniform,0.15,,traffic_degradation,4,4,10.030749269568267,1.5032027304571822,10.414030896566999,9.281313254859688,11.163466911275577,8.814835205311498,11.193320032437583
study3,,,tube_only,load_targeted,0.05,,damage_level,4,4,0.05,0.0,0.05,0.05,0.05,0.05,0.05
study3,,,tube_only,load_targeted,0.05,,segments,4,4,256.0,0.0,256.0,256.0,256.0,256.0,256.0
study3,,,tube_only,load_targeted,0.05,,active_segments,4,4,227.75,2.9860788111948193,228.0,226.25,229.5,225.25,230.0
study3,,,tube_only,load_targeted,0.05,,total_length,4,4,92.93274127471219,5.0865717377858415,90.8305460938671,90.13085084316643,93.63243652541288,89.9488531373724,97.9419735262378
study3,,,tube_only,load_targeted,0.05,,tube_area,4,4,23.146908206674908,1.5047218639917896,22.809504740663574,22.23384523411775,23.72256771322073,22.073707818236983,24.509888431672408
study3,,,tube_only,load_targeted,0.05,,junction_area,4,4,3.323052441307717,0.21432255582109236,3.3710019042281205,3.2180510502685484,3.4760032952672892,3.1456029752984263,3.487623233126849
study3,,,tube_only,load_targeted,0.05,,surface,4,4,26.469960647982624,1.673661850732612,26.203746520610814,25.451896284386297,27.221810884207137,25.23218946772557,27.92758106249033
study3,,,tube_only,load_targeted,0.05,,delivered_traffic,4,4,157.37597158216576,16.662518035573417,162.3868165142651,151.08400805752677,168.6787800389041,142.5617177684881,169.33741291376788
study3,,,tube_only,load_targeted,0.05,,normalized_surface,4,4,0.1690112131889156,0.012050618814694769,0.16723090942593127,0.16199455777620875,0.17424756483863812,0.16021857508991136,0.17962995325548903
study3,,,tube_only,load_targeted,0.05,,gate_entropy,4,4,0.5604299864323095,0.007309458133753308,0.5609661305122372,0.5552214951644296,0.566174621780117,0.5542716884231023,0.5665882844415167
study3,,,tube_only,load_targeted,0.05,,load_gini,4,4,0.4778140510510191,0.009665757597472019,0.4771424004444801,0.47103353191508984,0.4839229195804093,0.469960453326945,0.48741237796977704
study3,,,tube_only,load_targeted,0.05,,surface_degradation,4,4,0.018317672857369474,0.001899276574469861,0.017899419162947197,0.017134435243213,0.019082656777103673,0.0169431718367136,0.020014830722329624
study3,,,tube_only,load_targeted,0.05,,traffic_degradation,4,4,40.83195470563193,3.27248317416351,41.15493124100813,39.07622571182694,42.910660234813115,38.173726531267974,43.36442447749674
study3,,,tube_only,load_targeted,0.1,,damage_level,4,4,0.1,0.0,0.1,0.1,0.1,0.1,0.1
study3,,,tube_only,load_targeted,0.1,,segments,4,4,256.0,0.0,256.0,256.0,256.0,256.0,256.0
study3,,,tube_only,load_targeted,0.1,,active_segments,4,4,214.75,2.9860788111948193,215.0,213.25,216.5,212.25,217.0
study3,,,tube_only,load_targeted,0.1,,total_length,4,4,86.57006839442624,4.959908945957928,84.51341539028421,83.5795727041208,87.50391108058963,83.50764321362658,91.33011947202756
study3,,,tube_only,load_targeted,0.1,,tube_area,4,4,20.924281696762286,1.4454814335374981,20.585661088282563,19.964631197939546,21.545311587105303,19.85550331754347,22.18485755988344
study3,,,tube_only,load_targeted,0.1,,junction_area,4,4,3.018554369459779,0.2235109847917419,3.058061049279917,2.899636655570232,3.1769787631694646,2.838631730205224,3.1935589322372673
study3,,,tube_only,load_targeted,0.1,,surface,4,4,23.942836066222064,1.6220974324858435,23.676882475698086,22.86426785350978,24.75545068841037,22.69905312422576,25.29408738157423
study3,,,tube_only,load_targeted,0.1,,delivered_traffic,4,4,130.67492344055097,15.225322908407199,134.79221512073872,124.18013576600707,141.28700279528263,117.52705013876341,141.9533612369387
study3,,,tube_only,load_targeted,0.1,,normalized_surface,4,4,0.18431091542425315,0.014378035783091747,0.18190800355629605,0.17637000453526214,0.18984891444528706,0.17416675749868454,0.19739385626212824
study3,,,tube_only,load_targeted,0.1,,gate_entropy,4,4,0.5354225022738858,0.005593659114547484,0.536528367495946,0.5329534572189096,0.5389974125509223,0.5305484081267515,0.5395685490211325
study3,,,tube_only,load_targeted,0.1,,load_gini,4,4,0.48198340032907877,0.011743438966002948,0.4840159244364507,0.47468254811813326,0.4913167766473962,0.47236455789048204,0.4916022427676755
study3,,,tube_only,load_targeted,0.1,,surface_degradation,4,4,0.03361737509270703,0.004274496497378486,0.032576513293312,0.031509882002266405,0.03468400638375262,0.0308913542454868,0.03777873372896887
study3,,,tube_only,load_targeted,0.1,,traffic_degradation,4,4,67.5330028472467,4.7387394506066185,68.73408150094997,65.66427342830085,70.60281091989583,63.30594345254902,70.95902587102313
study3,,,tube_only,load_targeted,0.15,,damage_level,4,4,0.15,0.0,0.15,0.15,0.15,0.15,0.15
study3,,,tube_only,load_targeted,0.15,,segments,4,4,256.0,0.0,256.0,256.0,256.0,256.0,256.0
study3,,,tube_only,load_targeted,0.15,,active_segments,4,4,202.75,2.9860788111948193,203.0,201.25,204.5,200.25,205.0
study3,,,tube_only,load_targeted,0.15,,total_length,4,4,80.8149619046093,4.671805428393571,79.04833502464868,77.69342428495887,82.1698726442991,77.6649241426192,85.09692139022462
study3,,,tube_only,load_targeted,0.15,,tube_area,4,4,19.04988374063807,1.3516104580438446,18.762316543563642,18.026226905772255,19.785973378429453,17.98044399102525,20.11932349025089
study3,,,tube_only,load_targeted,0.15,,junction_area,4,4,2.7797124410696403,0.18148351381012576,2.8164220581552337,2.6943751052779072,2.901759393946967,2.625559276890963,2.9169854987916164
study3,,,tube_only,load_targeted,0.15,,surface,4,4,21.82959618170771,1.495620018999423,21.60919081140817,20.72060201105016,22.71818498206572,20.622883374372915,23.036308989042503
study3,,,tube_only,load_targeted,0.15,,delivered_traffic,4,4,111.61927864532151,13.39224637065488,115.05904412089815,105.97993111777515,120.69839164844451,99.93975268264205,121.49052014754571
study3,,,tube_only,load_targeted,0.15,,normalized_surface,4,4,0.1968258903527966,0.016060416469103642,0.19315961823653505,0.18717120049660277,0.20281430809272888,0.18544868992023594,0.2114589198962029
study3,,,tube_only,load_targeted,0.15,,gate_entropy,4,4,0.5102043592198087,0.005860540975135604,0.5111547085386832,0.5063075867851381,0.515051480973354,0.5053236779456995,0.515085040493918
study3,,,tube_only,load_targeted,0.15,,load_gini,4,4,0.4947969319500843,0.014650540326768253,0.49900003988047814,0.4879970770914461,0.5057998947391162,0.48270009351007637,0.5059161727990767
study3,,,tube_only,load_targeted,0.15,,surface_degradation,4,4,0.046132350021250455,0.006070586338804075,0.04382812797355095,0.04231107796360705,0.04764940003119435,0.0421732866670382,0.05184379736304353
study3,,,tube_only,load_targeted,0.15,,traffic_degradation,4,4,86.58864764247619,6.378457143720887,88.21571238590028,84.95898321086142,89.84537681751505,80.40263580644901,91.14759473507928
study3,,,tube_only,none,0.0,,damage_level,4,4,0.0,0.0,0.0,0.0,0.0,0.0,0.0
study3,,,tube_only,none,0.0,,segments,4,4,256.0,0.0,256.0,256.0,256.0,256.0,256.0
study3,,,tube_only,none,0.0,,active_segments,4,4,240.75,2.9860788111948193,241.0,239.25,242.5,238.25,243.0
study3,,,tube_only,none,0.0,,total_length,4,4,100.25986960040672,5.4665519076929465,97.84184693665831,97.38078023623072,100.72093630083431,97.2306308571049,105.70182172593186
study3,,,tube_only,none,0.0,,tube_area,4,4,26.049830823522832,1.6785875453854155,25.57279791586029,25.280114897899413,26.342513841483708,24.847885800698318,27.728808754009886
study3,,,tube_only,none,0.0,,junction_area,4,4,3.69943110818056,0.2011670834470293,3.7543003870062606,3.603792201929501,3.8499392932573193,3.534052500413451,3.8530675320533905
study3,,,tube_only,none,0.0,,surface,4,4,29.749261931703387,1.824295951296103,29.33335478045869,28.883907099828914,30.198709612333168,28.385066539907843,31.529364474743645
study3,,,tube_only,none,0.0,,delivered_traffic,4,4,198.20792628779768,19.154320886144653,204.8590135050008,192.11318089603577,210.95375889676274,180.74309479905918,211.39987264014326
study3,,,tube_only,none,0.0,,normalized_surface,4,4,0.15069354033154608,0.010159942735374189,0.149331490262984,0.14486012253299566,0.15516490806153443,0.1432754032531977,0.1596151225331593
study3,,,tube_only,none,0.0,,gate_entropy,4,4,0.5806767141714825,0.009010577916362164,0.5821656244184464,0.5754900030517102,0.5873523355382188,0.5734606257522845,0.5878928025906804
study3,,,tube_only,none,0.0,,load_gini,4,4,0.49568431087569015,0.012841518595029494,0.49831150953731584,0.4915808778035361,0.50241494260947,0.4854940916818263,0.5062604163888504
study3,,,tube_only,spatial,0.05,,damage_level,4,4,0.05,0.0,0.05,0.05,0.05,0.05,0.05
study3,,,tube_only,spatial,0.05,,segments,4,4,256.0,0.0,256.0,256.0,256.0,256.0,256.0
study3,,,tube_only,spatial,0.05,,active_segments,4,4,228.75,3.593976442141304,229.5,227.0,231.25,225.75,231.5
study3,,,tube_only,spatial,0.05,,total_length,4,4,96.30971790966706,5.440467448633558,93.65147500393951,93.56671337013782,96.39447954346876,93.52582542919178,101.75185329586992
study3,,,tube_only,spatial,0.05,,tube_area,4,4,25.029709490219638,1.6950526122329814,24.449610977477604,24.160792560968282,25.31852790672896,23.927674873386465,26.71184261979485
study3,,,tube_only,spatial,0.05,,junction_area,4,4,3.5920712055313935,0.20053181742948087,3.6356636072626145,3.476495088362771,3.7512397244312368,3.4308653851478264,3.753277025914961
study3,,,tube_only,spatial,0.05,,surface,4,4,28.62178069575103,1.8429755287213048,28.08527458474022,27.637287649331057,29.0697676311602,27.369679963161794,30.410387539351085
study3,,,tube_only,spatial,0.05,,delivered_traffic,4,4,188.84319116535494,19.06858816137713,194.5809411333022,181.19723303310877,202.22689926554838,172.2203556705449,202.75664186266536
study3,,,tube_only,spatial,0.05,,normalized_surface,4,4,0.1522345974724552,0.010931128254778202,0.1509471297948234,0.1464793944060957,0.15670233286118293,0.14448323950241188,0.1620337877812922
study3,,,tube_only,spatial,0.05,,gate_entropy,4,4,0.5521795230038091,0.0062521319675220635,0.5536393373552095,0.5497506155155211,0.5560682448434977,0.5465502128544311,0.5566663359244709
study3,,,tube_only,spatial,0.05,,load_gini,4,4,0.5214526503151901,0.01455420958929883,0.5208696150182606,0.5164231528299781,0.5258991125034727,0.5123600014567008,0.5349998304363834
study3,,,tube_only,spatial,0.05,,surface_degradation,4,4,0.001541057140909075,0.0009497613096435521,0.0016156395318393,0.000996669925380225,0.00216002674736815,0.00079276828406765,0.0022893459977505
study3,,,tube_only,spatial,0.05,,traffic_degradation,4,4,9.364735122442745,1.5964076895114425,8.643230777477896,8.463685471595937,9.544280428324704,8.451397873186892,10.928235461336037
study3,,,tube_only,spatial,0.1,,damage_level,4,4,0.1,0.0,0.1,0.1,0.1,0.1,0.1
study3,,,tube_only,spatial,0.1,,segments,4,4,256.0,0.0,256.0,256.0,256.0,256.0,256.0
study3,,,tube_only,spatial,0.1,,active_segments,4,4,216.75,2.8722813232690143,217.0,216.0,217.75,214.0,218.5
study3,,,tube_only,spatial,0.1,,total_length,4,4,90.42304664340693,5.308087750469294,89.14018347616812,87.82317305751647,91.74005706205858,86.53434126605237,95.59461518800032
study3,,,tube_only,spatial,0.1,,tube_area,4,4,23.56915510419919,1.6939213790008023,23.24749293868387,22.6947398522412,24.12190819064186,22.297680883116957,25.162291490796747
study3,,,tube_only,spatial,0.1,,junction_area,4,4,3.5027657199377242,0.18879741114812648,3.53100553735807,3.391149207739338,3.642622049556456,3.350624393112054,3.6549070467633946
study3,,,tube_only,spatial,0.1,,surface,4,4,27.071920824136917,1.86172133475263,26.77849847604194,26.085889059980538,27.76453024019832,25.65744621909745,28.77981777727136
study3,,,tube_only,spatial,0.1,,delivered_traffic,4,4,180.8869634711783,17.366627227416128,185.48092389209003,173.76569728126563,192.6021900820027,165.64140025973944,193.6009937918663
study3,,,tube_only,spatial,0.1,,normalized_surface,4,4,0.15009213770966295,0.007795160591705772,0.1491838579472191,0.14581520555820343,0.15346079009867863,0.14446262282101555,0.15697448027202815
study3,,,tube_only,spatial,0.1,,gate_entropy,4,4,0.5214961729003638,0.009700857916589978,0.5224333846897464,0.5162577899266114,0.5276717676634988,0.5136412756709929,0.5290162805289906
study3,,,tube_only,spatial,0.1,,load_gini,4,4,0.5496967139131097,0.011002001873503012,0.5534841318846508,0.5471798307089798,0.5560010150887807,0.5390797715635871,0.5567144810105309
study3,,,tube_only,spatial,0.1,,surface_degradation,4,4,-0.0006014026218831499,0.0023798824891397017,-0.00014763231576494997,-0.0017041179628558,0.0009550830252077001,-0.002640642261131125,0.0011872195678178001
study3,,,tube_only,spatial,0.1,,traffic_degradation,4,4,17.3209628166194,2.6748199892540208,17.798878848276956,15.978667467819406,19.14117419707695,15.101694539319737,19.37808961291077
study3,,,tube_only,spatial,0.15,,damage_level,4,4,0.15,0.0,0.15,0.15,0.15,0.15,0.15
study3,,,tube_only,spatial,0.15,,segments,4,4,256.0,0.0,256.0,256.0,256.0,256.0,256.0
study3,,,tube_only,spatial,0.15,,active_segments,4,4,205.5,3.1091263510296048,206.5,204.75,207.25,202.5,207.5
study3,,,tube_only,spatial,0.15,,total_length,4,4,84.43998021973081,5.179429353643164,83.96847744114768,81.39310260500432,87.01535505587418,80.54331670020672,88.79513795696278
study3,,,tube_only,spatial,0.15,,tube_area,4,4,21.786942364160605,1.45724411184211,21.46630948204177,20.613113567294683,22.640138278907692,20.610592052276473,22.963292676044738
study3,,,tube_only,spatial,0.15,,junction_area,4,4,3.333037780076023,0.20420910054882208,3.3968332370646586,3.2596760000958374,3.470195017044844,3.1497196685069886,3.4778135400855126
study3,,,tube_only,spatial,0.15,,surface,4,4,25.119980144236628,1.5761879121780695,24.863142719106428,23.9714044527998,26.01171841054326,23.864597329282525,26.37536295919073
study3,,,tube_only,spatial,0.15,,delivered_traffic,4,4,165.8266682013737,16.657235130968832,171.97122654872302,162.97328305857985,174.82461169151688,149.41969666627148,176.08908138912665
study3,,,tube_only,spatial,0.15,,normalized_surface,4,4,0.15221625943541794,0.011801593187098818,0.15145734206276268,0.14766936122241275,0.1560042402757679,0.14463994517116088,0.16320162472903305
study3,,,tube_only,spatial,0.15,,gate_entropy,4,4,0.49652997027108364,0.007332674834120411,0.4969878672285115,0.4908915273216621,0.5026263101779331,0.4902501570808535,0.5028097834613138
study3,,,tube_only,spatial,0.15,,load_gini,4,4,0.5656418897712718,0.0082746951658385,0.5677969426034006,0.5635516724747834,0.5698871598998891,0.5586811842935462,0.5720278147868543
study3,,,tube_only,spatial,0.15,,surface_degradation,4,4,0.0015227191038718626,0.002736366869054218,0.0016808962897805247,-0.00038288680222136305,0.00358650219587375,-0.0007635417431290754,0.0038089799508728003
study3,,,tube_only,spatial,0.15,,traffic_degradation,4,4,32.381258086423976,3.749558551795598,31.874729216570174,29.387542426192596,34.868444876801554,29.263720131824243,35.49879604102371
study3,,,tube_only,uniform,0.05,,damage_level,4,4,0.05,0.0,0.05,0.05,0.05,0.05,0.05
study3,,,tube_only,uniform,0.05,,segments,4,4,256.0,0.0,256.0,256.0,256.0,256.0,256.0
study3,,,tube_only,uniform,0.05,,active_segments,4,4,228.25,2.9860788111948193,228.0,226.5,229.75,226.0,230.5
study3,,,tube_only,uniform,0.05,,total_length,4,4,94.9187770900763,5.3741973446980955,92.44634923768548,91.94150220920825,95.42362411855353,91.90583180197714,100.20523232717433
study3,,,tube_only,uniform,0.05,,tube_area,4,4,24.693753265231745,1.6692436561459734,24.127832813462888,23.703215963639284,25.118370115055352,23.604435916592386,26.284852711298505
study3,,,tube_only,uniform,0.05,,junction_area,4,4,3.596812415909703,0.20096945474416586,3.6362013783269376,3.4764962598056997,3.756517534430941,3.433700739628806,3.7599240921905994
study3,,,tube_only,uniform,0.05,,surface,4,4,28.290565681141445,1.819628203008217,27.77084730730914,27.17971222344498,28.881700765005604,27.03813665622119,29.979508888797614
study3,,,tube_only,uniform,0.05,,delivered_traffic,4,4,188.92098392208408,18.51534421804374,194.35977468350754,180.30037110894511,202.98038749664647,173.71878011244402,202.9861138487359
study3,,,tube_only,uniform,0.05,,normalized_surface,4,4,0.15033668039622672,0.01009939703211998,0.14956970806851683,0.14507632567261103,0.1548300627921325,0.1430622627447217,0.15915247356932266
study3,,,tube_only,uniform,0.05,,gate_entropy,4,4,0.5514945283317177,0.00902103984332629,0.5536518635755283,0.5486414459407888,0.5565049459664574,0.5429985374050216,0.5578331840146034
study3,,,tube_only,uniform,0.05,,load_gini,4,4,0.5208355854373643,0.012957463556844176,0.5232966236126136,0.5162180925744517,0.5279141164755262,0.5107529989172531,0.5303583096076638
study3,,,tube_only,uniform,0.05,,surface_degradation,4,4,-0.00035685993531935,0.0007696430245869255,-0.0005005793621627,-0.000891992611927975,3.455331444592499e-05,-0.0009519376761715501,0.00044188229661977496
study3,,,tube_only,uniform,0.05,,traffic_degradation,4,4,9.286942365713656,2.969412839825753,8.413758791407375,7.363427568088525,10.337273589032506,7.193871127351855,12.42275361911841
study3,,,tube_only,uniform,0.1,,damage_level,4,4,0.1,0.0,0.1,0.1,0.1,0.1,0.1
study3,,,tube_only,uniform,0.1,,segments,4,4,256.0,0.0,256.0,256.0,256.0,256.0,256.0
study3,,,tube_only,uniform,0.1,,active_segments,4,4,216.25,3.593976442141304,217.5,215.5,218.25,212.75,218.5
study3,,,tube_only,uniform,0.1,,total_length,4,4,89.88077844981242,4.212353940087114,88.36254023009367,87.3256309048254,90.91768777508071,87.146086487669,93.8845705947751
study3,,,tube_only,uniform,0.1,,tube_area,4,4,23.358485540691696,1.2768753474791954,23.11284005084613,22.752487808839092,23.718837782698735,22.37694204842632,24.58567452280264
study3,,,tube_only,uniform,0.1,,junction_area,4,4,3.494219813228695,0.17596733692990169,3.5513490147086424,3.44028014686063,3.6052886810767073,3.3309607953109523,3.6141009937862334
study3,,,tube_only,uniform,0.1,,surface,4,4,26.852705353920392,1.3997302942695051,26.681813690973826,26.28689592431611,27.247623120578105,25.685339166908,28.190963203879345
study3,,,tube_only,uniform,0.1,,delivered_traffic,4,4,179.44474346088882,16.49095693556774,186.3687130029657,176.2795148814343,189.53394158242025,163.69015797671344,189.66355442653798
study3,,,tube_only,uniform,0.1,,normalized_surface,4,4,0.15023743915861226,0.009890007498964966,0.14878838148631934,0.14448389714906826,0.15454192349586335,0.1430196507350715,0.15894841270681548
study3,,,tube_only,uniform,0.1,,gate_entropy,4,4,0.5193996370059288,0.008557755403790366,0.5208654864399384,0.5141753277935921,0.5260897956522751,0.5124253770992537,0.526373896912604
study3,,,tube_only,uniform,0.1,,load_gini,4,4,0.5455873518203578,0.011967281594852606,0.5501072842620018,0.5433910986448507,0.5523035374375089,0.5345199315014911,0.5535427759012757
study3,,,tube_only,uniform,0.1,,surface_degradation,4,4,-0.00045610117293379217,0.00030855978092380677,-0.0005431087766646,-0.000622984565671,-0.00037622538392739215,-0.0006667098263438,-0.00019195017786337665
study3,,,tube_only,uniform,0.1,,traffic_degradation,4,4,18.763182826908853,3.560198757521756,18.23107481379961,15.833666014601448,21.160591626107013,15.790047440212447,21.73631821360526
study3,,,tube_only,uniform,0.15,,damage_level,4,4,0.15,0.0,0.15,0.15,0.15,0.15,0.15
study3,,,tube_only,uniform,0.15,,segments,4,4,256.0,0.0,256.0,256.0,256.0,256.0,256.0
study3,,,tube_only,uniform,0.15,,active_segments,4,4,204.75,2.217355782608345,205.0,203.5,206.25,203.0,206.5
study3,,,tube_only,uniform,0.15,,total_length,4,4,84.19378682014896,5.813652345852279,81.54739787577391,81.09061618065202,84.65056851527085,80.99155457509914,89.96260957034218
study3,,,tube_only,uniform,0.15,,tube_area,4,4,21.849785566140145,1.8167347692866067,21.24009471820746,20.99329932438844,22.096580959959166,20.629743734880414,23.67951824533257
study3,,,tube_only,uniform,0.15,,junction_area,4,4,3.3464745375932266,0.20584166598640866,3.4029673686660136,3.2473785475319503,3.50206335872729,3.178524046334677,3.504230092360225
study3,,,tube_only,uniform,0.15,,surface,4,4,25.196260103733373,1.9587715347773955,24.647395554139344,24.24067787192039,25.602977785952326,23.810434514848026,27.130950242212755
study3,,,tube_only,uniform,0.15,,delivered_traffic,4,4,166.85661440925725,18.071018195319088,172.65983037849014,162.0043563590176,177.51208842872978,149.6745124036471,178.77190484553964
study3,,,tube_only,uniform,0.15,,normalized_surface,4,4,0.1517092047504725,0.011568955161489133,0.1496898913657414,0.14383618808965887,0.15756290802655504,0.14279453231151273,0.16127882260334125
study3,,,tube_only,uniform,0.15,,gate_entropy,4,4,0.49618283456916223,0.007507248104081704,0.497431584224707,0.4917643848798966,0.5018500339139726,0.49013037567982864,0.5022352934584958
study3,,,tube_only,uniform,0.15,,load_gini,4,4,0.5678883619045918,0.01161519122920018,0.5724475544080371,0.5653050620058688,0.5750308543067602,0.5568423484108683,0.5752852457217487
study3,,,tube_only,uniform,0.15,,surface_degradation,4,4,0.001015664418926375,0.0019512516374485642,0.0014445281060609999,6.219255996687504e-05,0.0023979999650204998,-0.0006042984211156251,0.0025121997795376997
study3,,,tube_only,uniform,0.15,,traffic_degradation,4,4,31.35131187854043,1.985416628815735,30.571777779652052,30.108824537018137,31.814265121174344,30.07465596247721,33.19310955944553
